scholarship_program_name,promoter,funds,funds_in_rupiah,gpa,religion,major_study,gpa_status,identity,underrepresented_minority,volunteering,first_generation,parental_status,low_income,background,total_awardee,essay,smp,sma,sarjana,fresh_graduate,education_level
Curry & C/O '22 Scholarship,Kimora Jane Curry,500,6500000,0,Publik,Any,FALSE,Semua,FALSE,FALSE,FALSE,None,FALSE,None,1,TRUE,FALSE,TRUE,FALSE,FALSE,SMA
Jared Ethan Trueba Memorial Scholarship,The Trueba Family,500,6500000,0,Publik,Any,FALSE,Semua,FALSE,FALSE,FALSE,None,FALSE,None,1,TRUE,TRUE,TRUE,FALSE,FALSE,SMP-SMA
Linda Hicks Memorial Scholarship,Calvin Hicks and Tanya Minor,1000,13000000,0,Publik,Any,FALSE,Semua,FALSE,FALSE,FALSE,None,FALSE,None,1,TRUE,FALSE,FALSE,TRUE,FALSE,Sarjana
Nitro No-Essay Scholarship,Nitro College,2000,26000000,0,Publik,Any,FALSE,Semua,FALSE,FALSE,FALSE,None,FALSE,None,1,FALSE,TRUE,TRUE,TRUE,TRUE,SMP-SMA-Sarjana-Fresh graduate
Niche No-Essay Scholarship,Niche,2000,26000000,0,Publik,Any,FALSE,Semua,FALSE,FALSE,FALSE,None,FALSE,None,1,FALSE,TRUE,TRUE,TRUE,TRUE,SMP-SMA-Sarjana-Fresh graduate
ScholarshipOwl No-Essay Scholarship,ScholarshipOwl,1000,13000000,0,Publik,Any,FALSE,Semua,FALSE,FALSE,FALSE,None,FALSE,None,4,FALSE,TRUE,TRUE,TRUE,TRUE,SMP-SMA-Sarjana-Fresh graduate
CollegeVine $2000 No-Essay Scholarship,CollegeVine,2000,26000000,0,Publik,Any,FALSE,Semua,FALSE,FALSE,FALSE,None,FALSE,None,2,FALSE,TRUE,TRUE,TRUE,TRUE,SMP-SMA-Sarjana-Fresh graduate
Patrick B.Moore Memorial Scholarship,Friends and Family of Patrick B. Moore,500,6500000,0,Publik,Any,FALSE,Semua,FALSE,FALSE,FALSE,None,FALSE,None,1,TRUE,TRUE,TRUE,FALSE,FALSE,SMP-SMA
CampusReel $2000 No-Essay Sweepstakes,CampusReel,2000,26000000,0,Publik,Any,FALSE,Semua,FALSE,FALSE,FALSE,None,FALSE,None,2,FALSE,TRUE,TRUE,TRUE,TRUE,SMP-SMA-Sarjana-Fresh graduate
Diane Amendt Memorial Scholarship for the Arts,Swift,1000,13000000,0,Publik,Arts,FALSE,Semua,FALSE,FALSE,FALSE,None,FALSE,None,1,TRUE,TRUE,TRUE,TRUE,TRUE,SMP-SMA-Sarjana-Fresh graduate
Richard P. Mullen Memorial Scholarship,John Baptista,500,6500000,0,Publik,Engineering,FALSE,Semua,FALSE,FALSE,FALSE,None,FALSE,None,1,TRUE,TRUE,TRUE,TRUE,TRUE,SMP-SMA-Sarjana-Fresh graduate
Craig Huffman Memorial Scholarship,Huffman Family,2000,26000000,0,Publik,Aviation,FALSE,Semua,FALSE,FALSE,FALSE,None,FALSE,None,1,TRUE,TRUE,TRUE,TRUE,TRUE,SMP-SMA-Sarjana-Fresh graduate
"Across Cultures ""Expand Your Horizons"" Scholarship",Ben Schneider,1000,13000000,0,Publik,Any,FALSE,Semua,FALSE,FALSE,FALSE,None,FALSE,None,1,TRUE,TRUE,TRUE,TRUE,TRUE,SMP-SMA-Sarjana-Fresh graduate
Growing Up in the Family Restaurant Business Scholarship,The Lam-Wong,2000,26000000,0,Publik,Any,FALSE,Semua,FALSE,FALSE,TRUE,None,FALSE,First-generation,1,TRUE,FALSE,TRUE,TRUE,FALSE,SMA-Sarjana
GojiCenter Animation Scholarship,GojiCenter,2000,26000000,0,Publik,Graphic Design/Animation/VFX,FALSE,Semua,FALSE,FALSE,FALSE,None,FALSE,None,2,TRUE,TRUE,TRUE,TRUE,FALSE,SMP-SMA-Sarjana
Korean Men and Women Scholarship,Sihyeon Yu,500,6500000,3.0,Publik,Any,TRUE,Semua,FALSE,FALSE,FALSE,None,FALSE,None,1,TRUE,TRUE,TRUE,TRUE,FALSE,SMP-SMA-Sarjana
Elevate Women in Technology Scholarship,Calvin Rosser,500,6500000,0,Publik,STEM,FALSE,Semua,FALSE,FALSE,FALSE,None,FALSE,None,1,TRUE,TRUE,TRUE,TRUE,TRUE,SMP-SMA-Sarjana-Fresh graduate
Elevate Mental Health Awareness Scholarship,Calvin Rosser,500,6500000,0,Publik,Any,FALSE,Semua,FALSE,FALSE,FALSE,None,FALSE,None,1,TRUE,TRUE,TRUE,TRUE,TRUE,SMP-SMA-Sarjana-Fresh graduate
Be the Change Essay Scholarship,Paris Dimick,1000,13000000,3.3,Publik,Any,TRUE,Semua,FALSE,TRUE,FALSE,None,FALSE,Volunteering,2,TRUE,FALSE,FALSE,TRUE,FALSE,Sarjana
Sharen and Mila Kohute Scholarship,Kohute Family,2000,26000000,0,Publik,Any,FALSE,Semua,FALSE,FALSE,TRUE,None,FALSE,First-generation,2,TRUE,TRUE,TRUE,TRUE,FALSE,SMP-SMA-Sarjana
Al-Haj Abdallah R Abdallah Muslim Scholarship,Abdallah,1000,13000000,3.0,Islam,Any,TRUE,Semua,FALSE,FALSE,FALSE,None,FALSE,Active in mosque,1,TRUE,TRUE,TRUE,TRUE,TRUE,SMP-SMA-Sarjana-Fresh graduate
"Jason L. Berry ""Art Is Life!"" Scholarship",Roberta Berry,575,7475000,0,Publik,Art/Graphic Design,FALSE,Semua,FALSE,TRUE,FALSE,None,FALSE,Volunteering,1,TRUE,FALSE,FALSE,TRUE,FALSE,Sarjana
ScholarshipOwl No-Essay Scholarship,Bold,500,6500000,0,Publik,Any,FALSE,Semua,FALSE,FALSE,FALSE,None,FALSE,None,1,FALSE,TRUE,TRUE,TRUE,TRUE,SMP-SMA-Sarjana-Fresh graduate
Brown Skin Agenda Aesthetics & Cosmetology Scholarship,Vitality Institute,10000,130000000,0,Publik,Cosmetology/Esthetician,FALSE,Semua,FALSE,FALSE,FALSE,None,FALSE,None,1,TRUE,TRUE,TRUE,TRUE,TRUE,SMP-SMA-Sarjana-Fresh graduate
Appalachian Region Vocational Scholarship,Daelyn Chaney,1000,13000000,0,Publik,STEM,FALSE,Semua,FALSE,FALSE,TRUE,None,FALSE,First-generation,1,TRUE,TRUE,TRUE,TRUE,FALSE,SMP-SMA-Sarjana
Heroes in High School Resilience Scholarship,Anthony Tran,800,10400000,3.0,Publik,Any,TRUE,Semua,FALSE,FALSE,TRUE,None,FALSE,First-generation,1,TRUE,FALSE,TRUE,FALSE,FALSE,SMA
Cyrilla Olapeju Sanni Scholarship Fund,Cyrilla Olapeju Sanni Scholarship Fund,1000,13000000,3.0,Publik,Any,TRUE,Semua,FALSE,FALSE,FALSE,None,FALSE,African Imigrant,2,TRUE,TRUE,TRUE,TRUE,TRUE,SMP-SMA-Sarjana-Fresh graduate
"Richard ""88 Fingers"" Turner Jr. Music Scholarship",Tiffanie Turner,1000,13000000,0,Publik,Music,FALSE,Semua,FALSE,FALSE,FALSE,None,FALSE,None,1,TRUE,FALSE,FALSE,TRUE,FALSE,Sarjana
Cardel Love Scholarship,Waynika Hall,500,6500000,0,Publik,Any,FALSE,Semua,FALSE,FALSE,TRUE,None,FALSE,First-generation,1,TRUE,FALSE,TRUE,FALSE,FALSE,SMA
CEW IV Foundation Scholarship Program,Clyde E. Woodroffe IV Foundation,500,6500000,3.0,Publik,Any,TRUE,Semua,FALSE,FALSE,FALSE,None,FALSE,None,1,TRUE,TRUE,TRUE,TRUE,FALSE,SMP-SMA-Sarjana
Judy Fowler Memorial Scholarship,Fowler Family,900,11700000,0,Publik,Any,FALSE,Semua,FALSE,FALSE,FALSE,None,FALSE,None,1,TRUE,TRUE,TRUE,FALSE,FALSE,SMP-SMA
Jacob Naumann Memorial Scholarship,Naumann Family,1000,13000000,0,Publik,Music,FALSE,Semua,FALSE,FALSE,FALSE,None,FALSE,None,1,TRUE,TRUE,TRUE,TRUE,TRUE,SMP-SMA-Sarjana-Fresh graduate
Creative Arts Scholarship,The Studio LLC,3000,39000000,0,Publik,Art,FALSE,Semua,FALSE,FALSE,FALSE,None,FALSE,None,2,TRUE,TRUE,TRUE,TRUE,FALSE,SMP-SMA-Sarjana
Team Crosby Forever Veterinary Medicine Scholarship,Dennis Narlock,500,6500000,0,Publik,Veterinary Medicine,FALSE,Semua,FALSE,FALSE,FALSE,None,FALSE,None,1,TRUE,FALSE,FALSE,TRUE,TRUE,Sarjana-Fresh graduate
Kelly O. Memorial Nursing Scholarship,Kate Smith,3500,45500000,0,Publik,Nursing,FALSE,Semua,FALSE,FALSE,FALSE,None,FALSE,None,1,TRUE,TRUE,TRUE,TRUE,TRUE,SMP-SMA-Sarjana-Fresh graduate
FocusIT's Women in IT Scholarship,focusIT,5000,65000000,0,Publik,STEM,FALSE,Semua,FALSE,FALSE,FALSE,None,FALSE,None,1,TRUE,FALSE,FALSE,TRUE,FALSE,Sarjana
Dark and Light Scholarship,Waynika Hall,500,6500000,0,Publik,Any,FALSE,Semua,FALSE,FALSE,TRUE,None,FALSE,First-generation,1,TRUE,FALSE,TRUE,FALSE,FALSE,SMA
Bernard W. Creque III Scholarship,Creque,2500,32500000,0,Publik,Any,FALSE,Semua,FALSE,FALSE,FALSE,None,FALSE,Fallen soldier family,5,TRUE,FALSE,TRUE,TRUE,FALSE,SMA-Sarjana
Dylan's Journey Memorial Scholarship,Dylan Prosser,1000,13000000,0,Publik,Any,FALSE,Semua,FALSE,FALSE,FALSE,None,FALSE,Learning disability,1,TRUE,TRUE,TRUE,TRUE,TRUE,SMP-SMA-Sarjana-Fresh graduate
Rose Browne Memorial Scholarship for Nursing,Marie Browne-Lileika & Meredith Jose,500,6500000,0,Publik,Nursing,FALSE,Semua,FALSE,FALSE,FALSE,None,FALSE,None,1,TRUE,FALSE,FALSE,TRUE,TRUE,Sarjana-Fresh graduate
Joseph A. Venuti Marine Science & Conservation Scholarship,Boston Reefers Society,10000,130000000,0,Publik,Marine Science,FALSE,Semua,FALSE,FALSE,FALSE,None,FALSE,None,2,TRUE,TRUE,TRUE,TRUE,TRUE,SMP-SMA-Sarjana-Fresh graduate
Boundless Scholarship,Griffin Furlong,2000,26000000,3.0,Publik,Any,TRUE,Semua,FALSE,FALSE,FALSE,None,FALSE,Overcome adversity,2,TRUE,FALSE,TRUE,FALSE,FALSE,SMA
Maureen C. Pace Memorial Nursing Scholarship,The Pace Family,2000,26000000,3.0,Publik,Nursing,TRUE,Semua,FALSE,FALSE,FALSE,None,FALSE,None,1,TRUE,TRUE,TRUE,TRUE,TRUE,SMP-SMA-Sarjana-Fresh graduate
Joshua A. Vaughn Memorial Scholarship,Jared Burton,500,6500000,0,Publik,Criminal Justice,FALSE,Semua,FALSE,FALSE,FALSE,None,FALSE,None,1,TRUE,FALSE,FALSE,TRUE,FALSE,Sarjana
Wieland Nurse Application Scholarship,Wieland Healthcare,2500,32500000,0,Publik,Nursing,FALSE,Semua,FALSE,FALSE,FALSE,None,FALSE,None,1,TRUE,TRUE,TRUE,TRUE,TRUE,SMP-SMA-Sarjana-Fresh graduate
I Can Do Anything Scholarship,The Scholarship Collective,1000,13000000,0,Publik,Any,FALSE,Semua,FALSE,FALSE,FALSE,None,FALSE,None,2,TRUE,TRUE,TRUE,TRUE,TRUE,SMP-SMA-Sarjana-Fresh graduate
Samuel D. Hartley Memorial Scholarship,Hartley Family,500,6500000,3.0,Publik,Sport Golf,TRUE,Semua,FALSE,FALSE,FALSE,None,FALSE,None,1,TRUE,TRUE,TRUE,TRUE,TRUE,SMP-SMA-Sarjana-Fresh graduate
Johnna's Legacy Memorial Scholarship,Living Chronic Faith,500,6500000,0,Publik,Any,FALSE,Semua,FALSE,FALSE,FALSE,None,FALSE,Experience chronic medical condition,1,TRUE,TRUE,TRUE,TRUE,TRUE,SMP-SMA-Sarjana-Fresh graduate
Academic Liberty & Free Speech Scholarship,Gregory Price,1500,19500000,0,Publik,Liberal Arts/Social Science/Humanities,FALSE,Semua,FALSE,FALSE,FALSE,None,FALSE,None,3,TRUE,FALSE,FALSE,TRUE,FALSE,Sarjana
Justice Adolpho A. Birch Jr. Scholarship,John Ferguson III (Trey),5000,65000000,0,Publik,Law School,FALSE,Semua,FALSE,FALSE,FALSE,None,FALSE,None,1,TRUE,FALSE,FALSE,TRUE,TRUE,Sarjana-Fresh graduate
Trever David Clark Memorial Scholarship,The Dawson-Clark Family,8750,113750000,0,Publik,Any,FALSE,Semua,FALSE,FALSE,FALSE,None,FALSE,Experience mental illness,6,TRUE,TRUE,TRUE,TRUE,TRUE,SMP-SMA-Sarjana-Fresh graduate
Stafford R. Ultsch Legacy Scholarship,Ultsch Family,1250,16250000,0,Publik,Any,FALSE,Semua,FALSE,FALSE,FALSE,None,FALSE,Suicide survivor/suicidal,1,TRUE,TRUE,TRUE,FALSE,FALSE,SMP-SMA
Texas Women Empowerment,Pruett Family,6000,78000000,3.0,Publik,Pre-law/Political Science/Public Health,TRUE,Semua,FALSE,FALSE,FALSE,None,FALSE,None,3,TRUE,TRUE,TRUE,TRUE,TRUE,SMP-SMA-Sarjana-Fresh graduate
Endeavor Design Scholarship,Thom Gridley,1865,24245000,0,Publik,Design,FALSE,Semua,FALSE,FALSE,FALSE,None,FALSE,None,1,FALSE,FALSE,TRUE,FALSE,FALSE,SMA
Ruth Hazel Scruggs King Scholarship,Run With Me Inc,2000,26000000,3.0,Publik,Athlete,TRUE,Semua,FALSE,TRUE,FALSE,None,FALSE,Volunteering experience,4,TRUE,FALSE,TRUE,FALSE,FALSE,SMA
Vickie Drum Memorial Scholarship,David Cline,1500,19500000,3.0,Publik,Any,TRUE,Perempuan,FALSE,FALSE,FALSE,Single mother,FALSE,Female student with a child,1,TRUE,FALSE,FALSE,TRUE,FALSE,Sarjana
International Studies Scholarship,Gregory Price,2500,32500000,0,Publik,International studies,FALSE,Semua,FALSE,FALSE,FALSE,None,FALSE,None,3,TRUE,TRUE,TRUE,TRUE,TRUE,SMP-SMA-Sarjana-Fresh graduate
Mrs. Yvonne L. Moss Scholarship,Marcus and Veronica Lockhart,2500,32500000,0,Publik,South Oak Cliff High School,FALSE,Semua,FALSE,FALSE,FALSE,None,FALSE,None,1,TRUE,FALSE,TRUE,FALSE,FALSE,SMA
Kate Szuberla Jauch Scholarship,Kathleen Gravelle,13540,176020000,0,Publik,Nursing,FALSE,Semua,FALSE,FALSE,FALSE,None,FALSE,None,2,TRUE,FALSE,TRUE,TRUE,FALSE,SMA-Sarjana
Taylor Swift 1989 Scholarship,Bold,1989,25857000,0,Publik,Any,FALSE,Semua,FALSE,FALSE,FALSE,None,FALSE,Swiftie,1,TRUE,TRUE,TRUE,TRUE,TRUE,SMP-SMA-Sarjana-Fresh graduate
La Santana Scholarship,Mango Street Dreaming,520,6760000,0,Publik,Any,FALSE,Semua,FALSE,FALSE,FALSE,None,FALSE,Immigrant,1,TRUE,TRUE,TRUE,TRUE,FALSE,SMP-SMA-Sarjana
Dr. Rajesh Aggarwal Scholarship for Scientific Studies,The Aggarwal Family,3000,39000000,3.0,Publik,Science,TRUE,Semua,FALSE,FALSE,FALSE,None,TRUE,Low-Income,3,TRUE,TRUE,TRUE,FALSE,FALSE,SMP-SMA
Frank W. Steward Memorial Scholarship,Dr. Franshea Vandross,500,6500000,3.0,Publik,Any,TRUE,Semua,FALSE,TRUE,FALSE,None,FALSE,Volunteering,1,TRUE,FALSE,TRUE,FALSE,FALSE,SMA
Douglass M. Hamilton Memorial Scholarship,Michael Hamilton,15000,195000000,0,Publik,Any,FALSE,Semua,FALSE,FALSE,FALSE,None,TRUE,Low-income,2,TRUE,TRUE,TRUE,TRUE,TRUE,SMP-SMA-Sarjana-Fresh graduate
Anthony McPherson Memorial Automotive Scholarship,Denese McPherson,1800,23400000,0,Publik,Automotive/Media Arts/Technology,FALSE,Semua,FALSE,FALSE,FALSE,None,FALSE,None,1,TRUE,TRUE,TRUE,TRUE,FALSE,SMP-SMA-Sarjana
GIST College Sports Scholarship,Bold,1000,13000000,0,Publik,Any,FALSE,Semua,FALSE,FALSE,FALSE,None,FALSE,None,1,FALSE,TRUE,TRUE,TRUE,TRUE,SMP-SMA-Sarjana-Fresh graduate
Harvey and Geneva Mabry Second Time Around Scholarship,April Mabry,500,6500000,0,Publik,Any,FALSE,Semua,FALSE,FALSE,FALSE,None,FALSE,>= 30 years old/ Returning Student,2,TRUE,FALSE,FALSE,TRUE,FALSE,Sarjana
Macklin-McDowell Scholarship,Cheryl Berry,6200,80600000,0,Publik,Education,FALSE,Semua,FALSE,FALSE,FALSE,None,FALSE,Michigan State University student,2,TRUE,FALSE,FALSE,TRUE,FALSE,Sarjana
Humanize LLC Gives in Honor of Shirley Kelley Scholarship,Humanize LLC,600,7800000,0,Publik,Any,FALSE,Semua,TRUE,FALSE,FALSE,Orangtua wali,FALSE,Raised by guardian parent,1,TRUE,TRUE,TRUE,TRUE,TRUE,SMP-SMA-Sarjana-Fresh graduate
Gabriel Martin Memorial Annual Scholarship,Robbie and Ginger Martin,1000,13000000,0,Publik,Any,FALSE,Semua,FALSE,FALSE,FALSE,None,FALSE,Medical condition,5,TRUE,TRUE,TRUE,FALSE,FALSE,SMP-SMA
Hester Richardson Powell Memorial Service Scholarship,Angela R. Powell,2500,32500000,2.7,Publik,Any,TRUE,Perempuan,FALSE,FALSE,FALSE,None,FALSE,None,5,TRUE,FALSE,TRUE,FALSE,FALSE,SMA
Integrity within Construction Scholarship,Renier Construction,2000,26000000,0,Publik,Construction,FALSE,Semua,FALSE,FALSE,FALSE,None,FALSE,None,1,TRUE,FALSE,TRUE,TRUE,FALSE,SMA-Sarjana
Future of Service within the Automotive Industry Scholarship,Renier Construction,2000,26000000,0,Publik,Automotive industry-related,FALSE,Semua,FALSE,FALSE,FALSE,None,FALSE,None,1,TRUE,FALSE,TRUE,TRUE,FALSE,SMA-Sarjana
Harry & Marry Sheaffer Scholarship,CM Global LLC,1000,13000000,2.8,Publik,Any,TRUE,Semua,FALSE,FALSE,TRUE,None,FALSE,First-generation,2,TRUE,FALSE,FALSE,TRUE,FALSE,Sarjana
Iftikhar Kamil Madni Science and Engineering Memorial Scholarship,Madni,1500,19500000,3.75,Publik,Engineering/Science,TRUE,Semua,FALSE,FALSE,FALSE,None,FALSE,None,1,TRUE,FALSE,FALSE,TRUE,TRUE,Sarjana-Fresh graduate
Alief Imagine Good Apple Scholarship,Anuj,5531,71903000,2.5,Publik,Technology/Business,TRUE,Semua,FALSE,FALSE,FALSE,None,FALSE,None,3,TRUE,FALSE,TRUE,FALSE,FALSE,SMA
A Courageous Spirit No-Essay Scholarship,Calvin Rosser,500,6500000,0,Publik,Any,FALSE,Semua,FALSE,FALSE,FALSE,None,FALSE,None,1,FALSE,TRUE,TRUE,TRUE,TRUE,SMP-SMA-Sarjana-Fresh graduate
A Daring Path No-Essay Scholarship,Calvin Rosser,1000,13000000,0,Publik,Any,FALSE,Semua,FALSE,FALSE,FALSE,None,FALSE,None,1,FALSE,TRUE,TRUE,TRUE,TRUE,SMP-SMA-Sarjana-Fresh graduate
Isaac Yunhu Lee Memorial Arts Scholarship,Lee Family,25000,325000000,0,Publik,Arts,FALSE,Semua,FALSE,FALSE,FALSE,None,TRUE,Low-income,1,TRUE,TRUE,TRUE,TRUE,FALSE,SMP-SMA-Sarjana
Godi Arts Scholarship,Mark Godi,1000,13000000,0,Publik,Arts-Music/Visual Arts/Theatre,FALSE,Semua,FALSE,FALSE,FALSE,None,FALSE,Four-year student,1,TRUE,FALSE,FALSE,TRUE,FALSE,Sarjana
Cody Cochlin Memorial Scholarship,Jaedan Ford,1000,13000000,0,Publik,Rollerblading/Rollerskating/Snowboarding,FALSE,Semua,FALSE,FALSE,FALSE,None,TRUE,Low-income,1,TRUE,FALSE,FALSE,TRUE,FALSE,Sarjana
Rivera-Gulley First-Gen Scholarship Award,Rachel Gulley,1000,13000000,0,Publik,Any,FALSE,Semua,FALSE,FALSE,TRUE,None,FALSE,First-generation/Four-year student,1,TRUE,FALSE,FALSE,TRUE,FALSE,Sarjana
Ethan To Scholarship,Justin To & Ann Tran,2000,26000000,3.5,Publik,Psychology/Counseling,TRUE,Semua,FALSE,FALSE,FALSE,None,TRUE,Low-income,2,TRUE,FALSE,FALSE,TRUE,TRUE,Sarjana-Fresh graduate
Star Farm Scholarship for LGBTQ+ Students,Star Farm,7500,97500000,0,Publik,Any,FALSE,LGBTQ+,FALSE,FALSE,FALSE,None,FALSE,None,3,TRUE,FALSE,TRUE,FALSE,FALSE,SMA
"Hilliard L. ""Tack"" Gibbs Jr. Memorial Scholarship",Bertha Gibbs,1000,13000000,0,Publik,Science/Math,FALSE,Semua,FALSE,FALSE,FALSE,None,TRUE,Low-income,2,TRUE,FALSE,TRUE,TRUE,FALSE,SMA-Sarjana
Mental Health Importance Scholarship,Pettable,1000,13000000,0,Publik,Any,FALSE,Semua,FALSE,FALSE,FALSE,None,FALSE,None,1,TRUE,TRUE,TRUE,TRUE,TRUE,SMP-SMA-Sarjana-Fresh graduate
Our Destiny Our Future Scholarship,OUR DESTINY OUR FUTURE FOUNDATION,3000,39000000,0,Publik,Any,FALSE,Semua,FALSE,TRUE,FALSE,None,FALSE,Volunteering,3,TRUE,TRUE,TRUE,TRUE,FALSE,SMP-SMA-Sarjana
Maverick Scholarship,Carter McKinney Family,2000,26000000,3.0,Publik,Business,TRUE,Semua,FALSE,FALSE,FALSE,None,FALSE,Howard University students,2,TRUE,FALSE,FALSE,TRUE,FALSE,Sarjana
McDuffie Software Engineering Scholarship,McDuffie,2000,26000000,0,Publik,Computer Science,FALSE,Semua,FALSE,FALSE,FALSE,None,FALSE,Four-year student,2,TRUE,FALSE,FALSE,TRUE,FALSE,Sarjana
Dark Golden Memorial Scholarship,Shari Golden,950,12350000,3.0,Publik,Athlete,TRUE,Semua,FALSE,FALSE,FALSE,None,FALSE,None,1,TRUE,FALSE,TRUE,TRUE,FALSE,SMA-Sarjana
Carole H. Beveridge Memorial Scholarship,Summer Cooke,1000,13000000,0,Publik,Any,FALSE,Semua,FALSE,FALSE,FALSE,None,FALSE,Working with animals,2,TRUE,TRUE,TRUE,TRUE,FALSE,SMP-SMA-Sarjana
Barbara Cain Literary Scholarship,Radtke Family,1000,13000000,0,Publik,Any,FALSE,Semua,FALSE,FALSE,FALSE,None,FALSE,Loves book,1,TRUE,TRUE,TRUE,TRUE,FALSE,SMP-SMA-Sarjana
Scholarship for Women Golfers,PrimePutt,1000,13000000,0,Publik,Golf,FALSE,Perempuan,FALSE,FALSE,FALSE,None,FALSE,None,1,TRUE,TRUE,TRUE,TRUE,TRUE,SMP-SMA-Sarjana-Fresh graduate
Lost Dream Awaken Scholarship,Benjamin Bozworth,3000,39000000,0,Publik,Any,FALSE,Semua,FALSE,FALSE,FALSE,None,FALSE,In recovery addiction,3,TRUE,FALSE,FALSE,TRUE,TRUE,Sarjana-Fresh graduate
Calvin C. Donelson Memorial Scholarship,Calvin C. Donelson Family,1000,13000000,0,Publik,Trade,FALSE,Semua,FALSE,FALSE,FALSE,None,FALSE,None,1,TRUE,FALSE,FALSE,TRUE,FALSE,Sarjana
Henry Respert Alzheimer's and Dementia Awareness Scholarship,Shawn Respert,6000,78000000,0,Publik,Medical Reserach/Biomedical Science/Psychology/Neuroscience,FALSE,Semua,FALSE,FALSE,FALSE,None,FALSE,None,3,TRUE,FALSE,FALSE,TRUE,FALSE,Sarjana
Charles Pulling Sr. Memorial Scholarship,Carrie Mochan,2000,26000000,0,Publik,Any,FALSE,Semua,FALSE,FALSE,FALSE,None,FALSE,Non-traditional student,1,TRUE,TRUE,TRUE,TRUE,FALSE,SMP-SMA-Sarjana
Eco-Warrior Scholarship,HeySunday,1000,13000000,0,Publik,Any,FALSE,Semua,FALSE,FALSE,FALSE,None,FALSE,Intrigue in sustainability,1,TRUE,TRUE,TRUE,TRUE,TRUE,SMP-SMA-Sarjana-Fresh graduate
ALS Family Scholarship,ALS Family Scholarship,10000,130000000,0,Publik,Any,FALSE,Semua,FALSE,FALSE,FALSE,None,FALSE,ALS survivor,5,TRUE,TRUE,TRUE,TRUE,TRUE,SMP-SMA-Sarjana-Fresh graduate
Carl's Music Matters Scholarship,Carl Adams,500,6500000,0,Publik,Any,FALSE,Semua,FALSE,FALSE,FALSE,None,FALSE,Must be an aspiring musician,1,TRUE,FALSE,TRUE,FALSE,FALSE,SMA
Mark Neiswander 110 Memorial Scholarship,The Neiswander Family,5000,65000000,0,Publik,Any,FALSE,Semua,FALSE,TRUE,FALSE,None,FALSE,Leadership experience/Volunteering,1,TRUE,FALSE,TRUE,TRUE,FALSE,SMA-Sarjana
Colby R. Eggleston and Kyla Lee Entrepreneurship Award,Colby Eggleston,1000,13000000,0,Publik,Entrepreneurship/Business,FALSE,Semua,FALSE,FALSE,FALSE,None,FALSE,None,2,TRUE,TRUE,TRUE,TRUE,FALSE,SMP-SMA-Sarjana
Will Johnson Scholarship,Open Doors TN,2000,26000000,0,Publik,Any,FALSE,Semua,FALSE,FALSE,FALSE,None,FALSE,Disability,4,TRUE,TRUE,TRUE,TRUE,TRUE,SMP-SMA-Sarjana-Fresh graduate
Jorian Kuran Harris (Shug) Helping Heart Foundation Scholarship,Carleen Junior,650,8450000,2.5,Publik,Entrepreneurship/Business,TRUE,Semua,FALSE,FALSE,FALSE,None,FALSE,None,1,TRUE,FALSE,TRUE,TRUE,FALSE,SMA-Sarjana
Sara Jane Memorial Scholarship,Whitt Family,2000,26000000,0,Publik,Nursing,FALSE,Semua,FALSE,TRUE,FALSE,None,FALSE,Volunteering,1,TRUE,FALSE,TRUE,TRUE,FALSE,SMA-Sarjana
Stacy T. Mosley Jr. Educational Scholarship,Stephen Mosley,1000,13000000,3.0,Publik,Any,TRUE,Semua,FALSE,FALSE,FALSE,None,FALSE,HBCU students,1,TRUE,FALSE,TRUE,TRUE,FALSE,SMA-Sarjana
DV Awareness Scholarship in Memory,Melissa Gillispie,1000,13000000,3.0,Publik,Any,TRUE,Semua,FALSE,FALSE,FALSE,None,FALSE,None,2,TRUE,TRUE,TRUE,TRUE,TRUE,SMP-SMA-Sarjana-Fresh graduate
Environmental Kindness Scholarship,Melissa Myers,500,6500000,0,Publik,Environtmental studies,FALSE,Semua,FALSE,FALSE,FALSE,None,FALSE,None,1,TRUE,TRUE,TRUE,TRUE,TRUE,SMP-SMA-Sarjana-Fresh graduate
McClendon Leadership Award,Agodtis McClendon,1000,13000000,0,Publik,Any,FALSE,Semua,FALSE,TRUE,FALSE,None,FALSE,Volunteering,2,TRUE,FALSE,TRUE,TRUE,FALSE,SMA-Sarjana
John F. Puffer Sr. Smile Scholarship,Puffer Family,1000,13000000,2.8,Publik,Any,TRUE,Semua,FALSE,FALSE,FALSE,None,FALSE,Exemplifies S.M.I.L.E,1,TRUE,FALSE,TRUE,FALSE,FALSE,SMA
Charles B. Barzelton Memorial Scholarship,Zennetta Brazelton,1000,13000000,0,Publik,Any,FALSE,Semua,FALSE,FALSE,FALSE,None,FALSE,Extracurricular activities,1,TRUE,TRUE,TRUE,TRUE,TRUE,SMP-SMA-Sarjana-Fresh graduate
HBCU STEM Scholarship,Chrispin Rainford,5000,65000000,3.0,Publik,STEM,TRUE,Semua,FALSE,FALSE,TRUE,None,TRUE,Low-income/First-generation/HBCU students,1,TRUE,FALSE,FALSE,TRUE,FALSE,Sarjana
Julie Madison Memorial Art Scholarship,The Mills & Madison Family,1136,14768000,0,Publik,Arts/Design/Photography,FALSE,Semua,FALSE,FALSE,FALSE,Keluarga single parent,FALSE,None,1,TRUE,TRUE,TRUE,TRUE,TRUE,SMP-SMA-Sarjana-Fresh graduate
G.H. DePriest Memorial Scholarship,Booklt4Life Children's Book & Social Club,500,6500000,3.0,Publik,Education/Psychology,TRUE,Semua,FALSE,FALSE,FALSE,None,FALSE,None,1,TRUE,FALSE,TRUE,TRUE,FALSE,SMA-Sarjana
Andrea Claire Matason Memorial Scholarship,The Matason Family,1000,13000000,0,Publik,Veterinary,FALSE,Semua,FALSE,TRUE,FALSE,None,FALSE,Volunteering,2,TRUE,FALSE,TRUE,TRUE,FALSE,SMA-Sarjana
Lillian's & Ruby's Way Scholarship,Lillian's & Ruby's Way LLC,750,9750000,0,Publik,Any,FALSE,Perempuan,FALSE,FALSE,FALSE,None,FALSE,None,1,TRUE,FALSE,TRUE,FALSE,FALSE,SMA
I Can and I Will Scholarship,Kosmond Russell,1000,13000000,3.5,Publik,Any,TRUE,Semua,FALSE,FALSE,TRUE,None,FALSE,First-generation/Extracurricular/Mental and Pyhsical disability,1,TRUE,FALSE,TRUE,TRUE,FALSE,SMA-Sarjana
Anastasiya Y. Hardie Women in Engineering Memorial Scholarship,Brian Hardie,500,6500000,0,Publik,Engineering,FALSE,Perempuan,FALSE,FALSE,FALSE,None,FALSE,Immigrant,1,TRUE,TRUE,TRUE,TRUE,TRUE,SMP-SMA-Sarjana-Fresh graduate
Lulu Scholarship for Music Vocation,Guin Records LLC,1100,14300000,0,Publik,Music,FALSE,Semua,FALSE,FALSE,FALSE,None,FALSE,None,1,TRUE,TRUE,TRUE,FALSE,FALSE,SMP-SMA
Private (PVT) Henry Walker Minority Scholarship,Steven Franklin,1000,13000000,2.8,Publik,Any,TRUE,Semua,TRUE,TRUE,FALSE,None,FALSE,Volunteering/HBCU students,1,TRUE,FALSE,FALSE,TRUE,FALSE,Sarjana
Mad Grad Scholarship,MAD BOX Studios LLC,1000,13000000,3.0,Publik,Visual/Performing Arts,TRUE,Semua,FALSE,FALSE,FALSE,None,FALSE,None,2,TRUE,TRUE,TRUE,TRUE,TRUE,SMP-SMA-Sarjana-Fresh graduate
Caleb G. Banegas Scholarship,Caleb Banegas,500,6500000,0,Publik,Any,FALSE,Perempuan,FALSE,FALSE,FALSE,Single mother,FALSE,Single mother,1,TRUE,TRUE,TRUE,TRUE,TRUE,SMP-SMA-Sarjana-Fresh graduate
Rose Ifebigh Memorial Scholarship,Adaora Ifebigh,1000,13000000,0,Publik,Any,FALSE,Perempuan,FALSE,FALSE,FALSE,None,FALSE,Immigrant/Foreign students,1,TRUE,FALSE,TRUE,TRUE,FALSE,SMA-Sarjana
M.R. Brooks Scholarship,Katya Bowen,1000,13000000,0,Publik,Any,FALSE,LGBTQ+,FALSE,FALSE,FALSE,Keluarga single parent,FALSE,None,1,TRUE,TRUE,TRUE,TRUE,FALSE,SMP-SMA-Sarjana
Chadwick D. McNab Memorial Scholarship,DraughtLab LLC,1000,13000000,0,Publik,Computer Science/Technology,FALSE,Semua,FALSE,FALSE,FALSE,None,FALSE,None,1,TRUE,FALSE,FALSE,TRUE,FALSE,Sarjana
Zachary Scheppat Memorial Science Scholarship,Scheppat,5000,65000000,0,Publik,Physical Science/Biological Science/Medical Science/Science Education,FALSE,Semua,FALSE,TRUE,FALSE,None,FALSE,Tutoring/Science Clubs/Volunteering,2,TRUE,FALSE,TRUE,FALSE,FALSE,SMA
Pablo M. Ortiz Memorial Scholarship,Chelsie-Jean Fernandez,1000,13000000,0,Publik,Software Engineering/IT/Computer Science,FALSE,Semua,FALSE,FALSE,FALSE,None,FALSE,None,1,TRUE,FALSE,FALSE,TRUE,FALSE,Sarjana
Major La-Goge W. Graham Memorial Scholarship,Graham Family,2500,32500000,0,Publik,Any,FALSE,Semua,FALSE,FALSE,FALSE,None,FALSE,JROTC/ROTC,1,TRUE,TRUE,TRUE,TRUE,FALSE,SMP-SMA-Sarjana
Minority Women in STEM Financial Need Scholarship,Donald Huschle,10000,130000000,0,Publik,STEM,FALSE,Perempuan,TRUE,FALSE,FALSE,None,FALSE,University of Texas students,1,TRUE,FALSE,FALSE,TRUE,FALSE,Sarjana
Johnson Dale Women's Empowerment Scholarship,Johnson,1000,13000000,0,Publik,Any,FALSE,Perempuan,FALSE,FALSE,FALSE,None,FALSE,None,2,TRUE,TRUE,TRUE,TRUE,FALSE,SMP-SMA-Sarjana
Connie Konatsotis Scholarship,Connie Konatsotis Scholarship Fund,2000,26000000,0,Publik,STEAM,FALSE,Perempuan,FALSE,FALSE,FALSE,None,FALSE,None,2,TRUE,TRUE,TRUE,TRUE,TRUE,SMP-SMA-Sarjana-Fresh graduate
Hackworth-Rhodes STEM Scholarship,NEKIA HACKWORTH,500,6500000,0,Publik,STEM,FALSE,Semua,FALSE,FALSE,FALSE,None,FALSE,None,1,TRUE,FALSE,TRUE,FALSE,FALSE,SMA
Maxwell Tuan Nguyen Memorial Scholarship,Nguyen,1000,13000000,0,Publik,Medical,FALSE,Semua,FALSE,FALSE,FALSE,None,FALSE,None,2,TRUE,FALSE,TRUE,TRUE,FALSE,SMA-Sarjana
Pheonix Opportunity Award,Long John Nguyen,500,6500000,0,Publik,Any,FALSE,Semua,FALSE,FALSE,TRUE,None,TRUE,Low-income/First-generation,1,TRUE,FALSE,TRUE,TRUE,FALSE,SMA-Sarjana
Writer for Life Scholarship,KEITH ARNOLD,1000,13000000,0,Publik,Journalism,FALSE,Semua,FALSE,FALSE,FALSE,None,FALSE,None,1,TRUE,FALSE,TRUE,TRUE,FALSE,SMA-Sarjana
Justin Moeller Memorial Scholarship,WorkStream Technology,1000,13000000,0,Publik,Information Technology,FALSE,Semua,TRUE,FALSE,FALSE,None,FALSE,None,1,TRUE,FALSE,TRUE,TRUE,FALSE,SMA-Sarjana
Olympians Academy Leadership Wings Scholarship,The Olympians Academy LLC,3000,39000000,3.0,Publik,Business/Information Systems/Health Administration/Organizational Leadership,TRUE,Semua,FALSE,FALSE,FALSE,None,FALSE,None,2,TRUE,FALSE,FALSE,TRUE,FALSE,Sarjana
Ron & Janell Lunan Black Girls in STEM Scholarship,Ron & Janell Lunan,1000,13000000,0,Publik,STEM,FALSE,Perempuan,FALSE,FALSE,FALSE,None,FALSE,None,2,TRUE,TRUE,TRUE,FALSE,FALSE,SMP-SMA
Future of Aviation Scholarship,Thomas Mannion,2500,32500000,0,Publik,Aviation/Piloting,FALSE,Semua,FALSE,FALSE,FALSE,None,FALSE,None,1,TRUE,TRUE,TRUE,TRUE,FALSE,SMP-SMA-Sarjana
Headbang For Science,Headbang For Science,33000,429000000,3.0,Publik,Healthcare/Physical Science,TRUE,Semua,FALSE,FALSE,FALSE,None,FALSE,Intrested in heavy Metal music,3,TRUE,TRUE,TRUE,TRUE,TRUE,SMP-SMA-Sarjana-Fresh graduate
Ella Hall-Dillon Scholarship,Letta Belle,3470,45110000,3.0,Publik,Any,TRUE,Semua,FALSE,FALSE,TRUE,None,FALSE,First-generation/Second-generation,3,TRUE,FALSE,TRUE,TRUE,FALSE,SMA-Sarjana
Rosalie A. DuPont (Young) Nursing Scholarship,Antonia Maria Casino and Antonio DuPont,1250,16250000,0,Publik,Nursing,FALSE,Semua,FALSE,FALSE,FALSE,None,FALSE,None,1,TRUE,TRUE,TRUE,TRUE,TRUE,SMP-SMA-Sarjana-Fresh graduate
"Gladys Ruth Legacy ""Service"" Memorial Scholarship",Angela King,1000,13000000,2.5,Publik,Any,TRUE,Semua,FALSE,FALSE,TRUE,None,FALSE,First-generation/Community service five years,1,TRUE,FALSE,FALSE,TRUE,FALSE,Sarjana
Best Christian Colleges No-Essay Scholarship,Bold,1000,13000000,0,Publik,Any,FALSE,Semua,FALSE,FALSE,FALSE,None,FALSE,None,1,FALSE,TRUE,TRUE,FALSE,FALSE,SMP-SMA
Lori Nethaway Memorial Scholarship,Stacey Sprenkel,1230,15990000,0,Publik,Any,FALSE,Perempuan,FALSE,FALSE,TRUE,None,FALSE,First-generation,1,TRUE,FALSE,TRUE,FALSE,FALSE,SMA
Harry D Thompson Memorial Scholarship,Thomson,1000,13000000,0,Publik,Any,FALSE,Semua,FALSE,FALSE,FALSE,None,FALSE,None,1,TRUE,TRUE,TRUE,FALSE,FALSE,SMP-SMA
"""Equal Opportunity"" Scholarship",Calvin Rosser,1000,13000000,0,Publik,Any,FALSE,Semua,FALSE,FALSE,FALSE,None,FALSE,None,2,TRUE,TRUE,TRUE,TRUE,TRUE,SMP-SMA-Sarjana-Fresh graduate
Operation 11 Tyler Schaeffer Memorial Scholarship,Campbell,3000,39000000,0,Publik,Social Work/Criminal Justice,FALSE,Semua,FALSE,FALSE,FALSE,None,FALSE,None,3,TRUE,FALSE,TRUE,TRUE,FALSE,SMA-Sarjana
Jorge A. Quizhpi Memorial Scholarship,Daisy Mogrovejo,500,6500000,3.2,Publik,Any,TRUE,Semua,FALSE,FALSE,FALSE,None,FALSE,Speak English and Spanish,1,TRUE,FALSE,TRUE,FALSE,FALSE,SMA
Elijah's Helping Hand Scholarship Award,Sheehan,500,6500000,0,Publik,Any,FALSE,Semua,FALSE,FALSE,FALSE,None,FALSE,None,1,TRUE,TRUE,TRUE,TRUE,TRUE,SMP-SMA-Sarjana-Fresh graduate
Rita A. Clark Future Educator Award,Lynn Clark,550,7150000,0,Publik,Education,FALSE,Semua,FALSE,FALSE,FALSE,None,FALSE,None,1,TRUE,FALSE,TRUE,TRUE,FALSE,SMA-Sarjana
Skip Veeder Memorial Scholarship,Veeder Tree Farm,500,6500000,0,Publik,Any,FALSE,Semua,FALSE,TRUE,FALSE,None,FALSE,Volunteering/Sports,1,TRUE,FALSE,TRUE,TRUE,FALSE,SMA-Sarjana
FLIK Hospitality Group's Entrepreneurial Council Scholarship,Flik Hospitality Group,20000,260000000,2.7,Publik,Any,TRUE,Semua,FALSE,FALSE,FALSE,None,FALSE,Interested in Culinary Arts/Hospitality/Marketing/Finance/Nutrition,4,TRUE,FALSE,TRUE,TRUE,FALSE,SMA-Sarjana
Xavier M. Monroe Heart of Gold Memorial Scholarship,Delta Beta Psi Sorority Inc,500,6500000,0,Publik,Any,FALSE,Semua,FALSE,FALSE,FALSE,None,FALSE,None,1,TRUE,TRUE,TRUE,TRUE,FALSE,SMP-SMA-Sarjana
Veterans Writing Group of San Diego Ernie Pyle Award,Veterans' Writing Group of San Diego Country,1000,13000000,2.0,Publik,Any,TRUE,Semua,FALSE,FALSE,FALSE,None,FALSE,Veteran/Active Military,1,TRUE,FALSE,FALSE,TRUE,FALSE,Sarjana
Denise K. Emberton Memorial Scholarship,Gary Emberton,2000,26000000,3.5,Publik,Special Education,TRUE,Semua,FALSE,FALSE,FALSE,None,FALSE,Teaching low-incidence/Autistic students,2,TRUE,FALSE,TRUE,TRUE,FALSE,SMA-Sarjana
831 Legacy Scholarship,Niko Ivanov,3000,39000000,0,Publik,Any,FALSE,Semua,FALSE,FALSE,FALSE,None,FALSE,None,2,TRUE,FALSE,TRUE,TRUE,FALSE,SMA-Sarjana
Wellness Warriors Scholarship,Enso,500,6500000,0,Publik,Any,FALSE,Semua,FALSE,FALSE,FALSE,None,FALSE,None,1,TRUE,TRUE,TRUE,TRUE,TRUE,SMP-SMA-Sarjana-Fresh graduate
Career Search Scholarship,Realign Inc,1000,13000000,0,Publik,Any,FALSE,Semua,FALSE,FALSE,FALSE,None,FALSE,None,1,TRUE,TRUE,TRUE,TRUE,TRUE,SMP-SMA-Sarjana-Fresh graduate
Mighty Memorial Scholarship,Chynenye Okonkwo,1000,13000000,2.8,Publik,Nursing,TRUE,Semua,FALSE,FALSE,FALSE,None,FALSE,None,1,TRUE,FALSE,FALSE,TRUE,FALSE,Sarjana
William Griggs Memorial Scholarship for Science and Math,William Griggs,2500,32500000,0,Publik,Science/Math,FALSE,Perempuan,FALSE,FALSE,FALSE,None,FALSE,None,1,TRUE,FALSE,TRUE,TRUE,FALSE,SMA-Sarjana
Brandon Tyler Castinado Memorial Scholarship,Timothy Hunter,3500,45500000,0,Publik,Nursing,FALSE,Semua,FALSE,FALSE,FALSE,None,FALSE,None,1,TRUE,FALSE,FALSE,TRUE,TRUE,Sarjana-Fresh graduate
Mark A. Jefferson Teaching Scholarship,Mark Jefferson,2000,26000000,2.8,Publik,Any,TRUE,Laki-laki,FALSE,FALSE,FALSE,None,FALSE,None,2,TRUE,TRUE,TRUE,TRUE,FALSE,SMP-SMA-Sarjana
Pool Family LGBT+ Scholarship,Pool Family,2500,32500000,0,Publik,Any,FALSE,LGBTQ+,FALSE,FALSE,FALSE,None,FALSE,None,1,TRUE,FALSE,FALSE,TRUE,FALSE,Sarjana
Reach For Your Future Scholarship,Dawn Sabados,1500,19500000,0,Publik,Any,FALSE,Perempuan,FALSE,FALSE,FALSE,None,TRUE,Low-income,3,TRUE,TRUE,TRUE,FALSE,FALSE,SMP-SMA
STAR Scholarship - Students Taking Alternative Routes,Marie Duran,500,6500000,0,Publik,Any,FALSE,Semua,FALSE,FALSE,FALSE,None,FALSE,Non-traditional student,1,TRUE,TRUE,TRUE,TRUE,TRUE,SMP-SMA-Sarjana-Fresh graduate
Joieful Connections Scholarship,Joieful Connections,5000,65000000,0,Publik,Any,FALSE,Semua,FALSE,FALSE,FALSE,None,FALSE,Development or intellectual disability,1,TRUE,TRUE,TRUE,FALSE,FALSE,SMP-SMA
Jean Antoine Joas Scholarship,Jessica Joas,1150,14950000,0,Publik,Any,FALSE,Semua,FALSE,FALSE,FALSE,None,FALSE,Lost a loved one,1,TRUE,TRUE,TRUE,TRUE,TRUE,SMP-SMA-Sarjana-Fresh graduate
Koehler Family Trades and Engineering Scholarship,Koehler Family,500,6500000,0,Publik,Engineering/Trades,FALSE,Semua,FALSE,FALSE,FALSE,None,FALSE,None,1,TRUE,FALSE,TRUE,TRUE,FALSE,SMA-Sarjana
Megan Springsteel Memorial Cosmetology Scholarship,Springsteel,1000,13000000,0,Publik,Any,FALSE,Semua,FALSE,FALSE,FALSE,None,FALSE,Interested in cosmetology,2,TRUE,TRUE,TRUE,FALSE,FALSE,SMP-SMA
LGBTQIA+ in Advancing Tech & Data Science Scholarship,Amanda Blake,5020,65260000,0,Publik,Data Science/Technology/STEM/Coding,FALSE,LGBTQIA+,FALSE,FALSE,TRUE,None,TRUE,First-generation/Low-income,1,TRUE,TRUE,TRUE,FALSE,FALSE,SMP-SMA
Dona Lupita Immigrant Scholarship,Masten-Villanueva,2000,26000000,0,Publik,Any,FALSE,Semua,FALSE,FALSE,FALSE,Keluarga single mother,FALSE,Immigrant single mother related,1,TRUE,TRUE,TRUE,TRUE,TRUE,SMP-SMA-Sarjana-Fresh graduate
Graffiti Arts Scholarship,Mural Art & Consulting,5000,65000000,0,Publik,Fine Arts/Business,FALSE,Semua,FALSE,FALSE,FALSE,None,FALSE,None,1,TRUE,TRUE,TRUE,TRUE,TRUE,SMP-SMA-Sarjana-Fresh graduate
Frederick J. Salone Memorial Scholarship,Salone,500,6500000,0,Publik,Wrestling,FALSE,Semua,FALSE,FALSE,FALSE,None,FALSE,None,1,TRUE,FALSE,TRUE,FALSE,FALSE,SMA
Novitas Diverse Voices Scholarship,Novitas Communication Inc,1000,13000000,0,Publik,Public Relations.Communications,FALSE,LGBTQIA+,FALSE,FALSE,TRUE,None,TRUE,First-generation/Low-income,1,TRUE,FALSE,TRUE,TRUE,FALSE,SMA-Sarjana
Noble E. Gagucas Nursing Scholarship,Gagucas,1000,13000000,0,Publik,Nursing,FALSE,Semua,TRUE,TRUE,TRUE,None,FALSE,First-generation/Volunteering,1,TRUE,FALSE,FALSE,TRUE,FALSE,Sarjana
Tam and Betsy Vannoy Memorial Scholarship,Nancy Totten,3500,45500000,0,Publik,Any,FALSE,Semua,FALSE,FALSE,FALSE,None,FALSE,None,1,TRUE,FALSE,TRUE,FALSE,FALSE,SMA
Female Startup Club Scholarship,Bold,1000,13000000,0,Publik,Any,FALSE,Perempuan,FALSE,FALSE,FALSE,None,FALSE,None,1,FALSE,TRUE,TRUE,TRUE,TRUE,SMP-SMA-Sarjana-Fresh graduate
SSG Adrian Valdez Jr. Memorial Scholarship,Valdez Family,1000,13000000,0,Publik,Any,FALSE,Semua,FALSE,FALSE,FALSE,None,FALSE,JROTC/ROTC/Military Service,1,TRUE,TRUE,TRUE,TRUE,FALSE,SMP-SMA-Sarjana
Matthew J. Kauffman Memorial Scholarship,Kauffman Family,1000,13000000,0,Publik,Healthcare,FALSE,Semua,FALSE,FALSE,FALSE,None,FALSE,None,1,TRUE,FALSE,FALSE,TRUE,TRUE,Sarjana-Fresh graduate
Szilak Family Honorary Scholarship,Szilak Family,500,6500000,0,Publik,Affected by cancer,FALSE,Semua,FALSE,FALSE,FALSE,None,FALSE,None,1,TRUE,TRUE,TRUE,TRUE,TRUE,SMP-SMA-Sarjana-Fresh graduate
Anderson Women's Rugby Scholarship,Heather Anderson,1000,13000000,0,Publik,Rugby,FALSE,Perempuan,FALSE,FALSE,FALSE,None,FALSE,None,1,TRUE,TRUE,TRUE,TRUE,TRUE,SMP-SMA-Sarjana-Fresh graduate
Deborah Thomas Scholarship Award,27Strong,500,6500000,0,Publik,Business/Medicine/Computer Science/Art,FALSE,Semua,FALSE,FALSE,FALSE,None,FALSE,None,1,TRUE,TRUE,TRUE,FALSE,FALSE,SMP-SMA
Eunice Richardson Scholarship for Girls,Richardson Family,500,6500000,2.5,Publik,Any,TRUE,Perempuan,FALSE,FALSE,FALSE,None,FALSE,None,1,TRUE,FALSE,TRUE,FALSE,FALSE,SMA
Kenyada Me'Chon Thomas Legacy Scholarship,Cermonia Thomas,2000,26000000,2.5,Publik,Any,TRUE,Semua,FALSE,FALSE,FALSE,None,FALSE,None,2,TRUE,FALSE,TRUE,FALSE,FALSE,SMA
Ranger Rise Scholarship,Ranger Liquor Mart & Bar,500,6500000,0,Publik,Any,FALSE,Semua,FALSE,FALSE,FALSE,None,FALSE,University of Wyoming student,1,TRUE,FALSE,FALSE,TRUE,FALSE,Sarjana
Sean Allen Memorial Scholarship,Peter Chang,2000,26000000,0,Publik,Any,FALSE,Semua,FALSE,FALSE,FALSE,None,FALSE,Interested in climbing,1,TRUE,FALSE,FALSE,TRUE,TRUE,Sarjana-Fresh graduate
Summer Chester Memorial Scholarship,Keishanae Williams,900,11700000,0,Publik,Any,FALSE,Semua,FALSE,FALSE,FALSE,None,FALSE,Klein Forest High School student,1,TRUE,FALSE,TRUE,FALSE,FALSE,SMA
Emma Jean Ridley Memorial Scholarship,Beacons of Promise LLC,1000,13000000,3.0,Publik,Medicine/Medical,TRUE,Semua,FALSE,FALSE,TRUE,None,TRUE,First-generation/Low-income,2,TRUE,FALSE,FALSE,TRUE,FALSE,Sarjana
Terry Masters Memorial Scholarship,Masters Family,1500,19500000,0,Publik,Fine Arts,FALSE,Semua,FALSE,FALSE,FALSE,None,FALSE,None,1,TRUE,TRUE,TRUE,TRUE,TRUE,SMP-SMA-Sarjana-Fresh graduate
Dr. Jade Education Scholarship,The Dr Jade Brand LLC,500,6500000,0,Publik,Any,FALSE,Perempuan,FALSE,FALSE,FALSE,None,FALSE,Currently working full-time,2,TRUE,FALSE,FALSE,FALSE,TRUE,Fresh graduate
Cariloop's Caregiver Scholarship,Cariloop,5000,65000000,0,Publik,Any,FALSE,Semua,FALSE,FALSE,FALSE,None,TRUE,Low-income/Caregiver,3,TRUE,TRUE,TRUE,TRUE,TRUE,SMP-SMA-Sarjana-Fresh graduate
Youth Equine Service Scholarship,Cathy Thacker,1150,14950000,0,Publik,Any,FALSE,Semua,FALSE,TRUE,FALSE,None,FALSE,Volunteering/Loves working with horses,1,TRUE,TRUE,TRUE,TRUE,TRUE,SMP-SMA-Sarjana-Fresh graduate
Lidia M. Wallace Memorial Scholarship,Wallace Family,500,6500000,0,Publik,Education,FALSE,Semua,FALSE,FALSE,FALSE,None,FALSE,None,1,TRUE,FALSE,TRUE,FALSE,FALSE,SMA
Kevin R. Mabee Memorial Scholarship,Laurie Conrad,500,6500000,0,Publik,Any,FALSE,Semua,FALSE,FALSE,FALSE,None,FALSE,Interested in dietician/Studying nutrition or health science,1,TRUE,TRUE,TRUE,TRUE,TRUE,SMP-SMA-Sarjana-Fresh graduate
Wild Scholarship,Wildxyz Inc,1000,13000000,0,Publik,Arts,FALSE,Semua,FALSE,FALSE,FALSE,None,FALSE,None,1,TRUE,TRUE,TRUE,TRUE,TRUE,SMP-SMA-Sarjana-Fresh graduate
Ron Johnston Student Athlete Scholarship,Johnston Family,2100,27300000,0,Publik,Athletics,FALSE,Semua,FALSE,FALSE,FALSE,None,FALSE,None,2,TRUE,FALSE,TRUE,TRUE,FALSE,SMA-Sarjana
Dan Leahy Scholarship Fund,Dan Leahy Scholarship Fund,3000,39000000,0,Publik,Any,FALSE,Semua,FALSE,FALSE,FALSE,None,FALSE,Extracurricular speech and debate/Mock Trial,3,TRUE,TRUE,TRUE,TRUE,FALSE,SMP-SMA-Sarjana
Reviewing,The Donald A. Baker Foundation,500,6500000,0,Publik,Any,FALSE,Semua,FALSE,FALSE,FALSE,None,FALSE,None,1,TRUE,FALSE,TRUE,FALSE,FALSE,SMA
Laura Thorne Memorial Scholarship,Shelley Roderick,2000,26000000,0,Publik,Special Education,FALSE,Semua,FALSE,TRUE,FALSE,None,FALSE,Volunteering/Affected by cancer,1,TRUE,FALSE,TRUE,TRUE,FALSE,SMA-Sarjana
Rebecca Hunter Memorial Scholarship,Ryan Lester,1150,14950000,0,Publik,Any,FALSE,Semua,FALSE,FALSE,FALSE,Anak single parent,FALSE,Single parent child,1,TRUE,TRUE,TRUE,TRUE,TRUE,SMP-SMA-Sarjana-Fresh graduate
Eitel Scholarship,Danielle Eitel,500,6500000,3.0,Publik,Any,TRUE,Perempuan,FALSE,FALSE,FALSE,None,FALSE,Attending baptist college,1,TRUE,FALSE,FALSE,TRUE,TRUE,Sarjana-Fresh graduate
Charity's Alumnus Erudition Award,Charity's Haven LLC,500,6500000,2.5,Publik,Healthcare,TRUE,Semua,FALSE,FALSE,TRUE,None,FALSE,First-generation,1,TRUE,FALSE,TRUE,FALSE,FALSE,SMA
Big Heart Scholarship,Gentile Family,9170,119210000,0,Publik,Any,FALSE,Semua,FALSE,FALSE,FALSE,None,FALSE,Bethel Park High School student,1,TRUE,TRUE,TRUE,FALSE,FALSE,SMP-SMA
Trudgers Fund,C.Louis Gable,1000,13000000,0,Publik,Any,FALSE,Semua,FALSE,FALSE,FALSE,None,FALSE,Addiction struggles/Currently sober,1,TRUE,FALSE,TRUE,TRUE,FALSE,SMA-Sarjana
Kristie's Kids - Loving Arms Around Those Impacted by Cancer Scholarship,McFarling,5000,65000000,3.0,Publik,Any,TRUE,Semua,FALSE,FALSE,FALSE,None,FALSE,Affected by cancer,2,TRUE,FALSE,TRUE,FALSE,FALSE,SMA
Audrey Sherrill & Michael D'Ambrisi Music Scholarship,The Sherrill Family and Friends,10000,130000000,3.0,Publik,Music performance/Jazz studies/Music education/Music therapy,TRUE,Semua,FALSE,FALSE,FALSE,None,FALSE,None,2,TRUE,TRUE,TRUE,TRUE,FALSE,SMP-SMA-Sarjana
Your Health Journey Scholarship,Thrive,500,6500000,0,Publik,Any,FALSE,Semua,FALSE,FALSE,FALSE,None,FALSE,None,1,TRUE,TRUE,TRUE,TRUE,TRUE,SMP-SMA-Sarjana-Fresh graduate
Sports Lover Scholarship,Thrive,500,6500000,0,Publik,Athletics/Sports related,FALSE,Semua,FALSE,FALSE,FALSE,None,FALSE,None,1,TRUE,TRUE,TRUE,TRUE,TRUE,SMP-SMA-Sarjana-Fresh graduate
Mind Body & Soul Scholarship,Thrive,500,6500000,0,Publik,Any,FALSE,Semua,FALSE,FALSE,FALSE,None,FALSE,None,1,TRUE,TRUE,TRUE,TRUE,TRUE,SMP-SMA-Sarjana-Fresh graduate
Healthy Eating Scholarship,Thrive,500,6500000,0,Publik,Any,FALSE,Semua,FALSE,FALSE,FALSE,None,FALSE,None,1,TRUE,TRUE,TRUE,TRUE,TRUE,SMP-SMA-Sarjana-Fresh graduate
Learner Math Lover Scholarship,Learner,500,6500000,0,Publik,Any,FALSE,Semua,FALSE,FALSE,FALSE,None,FALSE,Interested in math,1,TRUE,TRUE,TRUE,TRUE,TRUE,SMP-SMA-Sarjana-Fresh graduate
Learner Geometry Scholarship,Learner,500,6500000,0,Publik,Mathematics,FALSE,Semua,FALSE,FALSE,FALSE,None,FALSE,None,1,TRUE,TRUE,TRUE,TRUE,TRUE,SMP-SMA-Sarjana-Fresh graduate
Learner No-Essay SAT Tutoring Scholarship,Learner,500,6500000,0,Publik,Any,FALSE,Semua,FALSE,FALSE,FALSE,None,FALSE,None,1,FALSE,TRUE,TRUE,FALSE,FALSE,SMP-SMA
Learner.com Algebra Scholarship,Learner,500,6500000,0,Publik,Any,FALSE,Semua,FALSE,FALSE,FALSE,None,FALSE,None,1,TRUE,TRUE,TRUE,TRUE,TRUE,SMP-SMA-Sarjana-Fresh graduate
Learner Calculus Scholarship,Learner,500,6500000,0,Publik,STEM,FALSE,Semua,FALSE,FALSE,FALSE,None,FALSE,None,1,TRUE,TRUE,TRUE,TRUE,TRUE,SMP-SMA-Sarjana-Fresh graduate
Informed Consumer Scholarship,Bold,1000,13000000,0,Publik,Any,FALSE,Semua,FALSE,FALSE,FALSE,None,FALSE,None,1,FALSE,TRUE,TRUE,TRUE,TRUE,SMP-SMA-Sarjana-Fresh graduate
Overcoming Adversity - Jack Terry Memorial Scholarship,Strans and Terry Family,6000,78000000,3.0,Publik,Any,TRUE,Semua,FALSE,FALSE,FALSE,None,TRUE,Low-income,2,TRUE,FALSE,TRUE,FALSE,FALSE,SMA
Tony Alviani Memorial Scholarship,Alviani Family,500,6500000,0,Publik,Any,FALSE,Semua,FALSE,FALSE,FALSE,None,FALSE,None,1,TRUE,TRUE,TRUE,TRUE,FALSE,SMP-SMA-Sarjana
Grace Lynn Ross Memorial Scholarship,Michelle Ross,500,6500000,0,Publik,Criminal Justice/Child Psychology/Grief Counseling,FALSE,Semua,FALSE,FALSE,FALSE,None,FALSE,None,1,TRUE,FALSE,TRUE,TRUE,FALSE,SMA-Sarjana
Walters Foster Care Scholarship,Walters Family,500,6500000,0,Publik,Any,FALSE,Semua,FALSE,FALSE,FALSE,None,FALSE,In foster care,1,TRUE,FALSE,TRUE,TRUE,FALSE,SMA-Sarjana
Richard Neumann Scholarship,Neumann,1000,13000000,0,Publik,Any,FALSE,Semua,FALSE,FALSE,FALSE,None,FALSE,None,1,TRUE,FALSE,TRUE,FALSE,FALSE,SMA
Maggie's Way-International Woman's Scholarship,David Gaskill,5000,65000000,0,Publik,Any,FALSE,Perempuan,FALSE,FALSE,FALSE,None,FALSE,International student,1,TRUE,TRUE,TRUE,TRUE,FALSE,SMP-SMA-Sarjana
Vincent U. Cornwall Legacy Scholarship,Jason Prime,500,6500000,0,Publik,Economics/Finance/Accounting,FALSE,Semua,FALSE,TRUE,FALSE,None,FALSE,Volunteering,1,TRUE,TRUE,TRUE,TRUE,TRUE,SMP-SMA-Sarjana-Fresh graduate
LoCasale Family and Friends,Perla Acevedo,500,6500000,0,Publik,Any,FALSE,Semua,FALSE,FALSE,TRUE,None,FALSE,First-generation,1,TRUE,TRUE,TRUE,FALSE,FALSE,SMP-SMA
David G. Sutton Memorial Scholarship,Stacy Mensch,500,6500000,0,Publik,Athlete,FALSE,Semua,FALSE,FALSE,FALSE,None,FALSE,None,1,TRUE,TRUE,TRUE,FALSE,FALSE,SMP-SMA
Mendez-Olvera Medicine and Public Health Scholarship,Mendez-Olvera,2000,26000000,3.6,Publik,Medicine/Public Health,TRUE,Semua,FALSE,FALSE,FALSE,None,FALSE,None,2,TRUE,FALSE,TRUE,FALSE,FALSE,SMA
Scorenavigator Financial Literacy Scholarship,ScoreNavigator Inc,5000,65000000,3.0,Publik,Any,TRUE,Semua,FALSE,FALSE,FALSE,None,TRUE,Low-income,5,TRUE,TRUE,TRUE,FALSE,FALSE,SMP-SMA
Kozakov Foundation Fellowship for Creatives,Kozakov Foundation,5135,66755000,0,Publik,Acting in Theater or Film,FALSE,Semua,FALSE,FALSE,FALSE,None,FALSE,None,1,TRUE,FALSE,FALSE,TRUE,FALSE,Sarjana
Goodnewsletter Scholarship,Bold,1000,13000000,0,Publik,Any,FALSE,Semua,FALSE,FALSE,FALSE,None,FALSE,None,1,FALSE,TRUE,TRUE,TRUE,TRUE,SMP-SMA-Sarjana-Fresh graduate
Carla M. Champagne Memorial Scholarship,Champagne,2000,26000000,0,Publik,Any,FALSE,Semua,FALSE,TRUE,FALSE,None,FALSE,Volunteering,1,TRUE,FALSE,FALSE,TRUE,FALSE,Sarjana
"Brent Haines ""Make it Happen"" Scholarship",Haines Family,4000,52000000,2.5,Publik,Any,TRUE,Semua,FALSE,FALSE,FALSE,None,FALSE,San Diego State University student,2,TRUE,FALSE,FALSE,TRUE,FALSE,Sarjana
Life-Changing Concepts Scholarship,Bold,1000,13000000,0,Publik,Any,FALSE,Semua,FALSE,FALSE,FALSE,None,FALSE,None,1,FALSE,TRUE,TRUE,TRUE,TRUE,SMP-SMA-Sarjana-Fresh graduate
Hulede Collegiate Golf Scholarship,John C. Hulede,10000,130000000,3.0,Publik,Golf,TRUE,Semua,FALSE,FALSE,FALSE,None,FALSE,None,5,TRUE,TRUE,TRUE,TRUE,TRUE,SMP-SMA-Sarjana-Fresh graduate
Josephine E. Sloane Scholarship for Legal Studies,Sloane Law LLC,500,6500000,3.0,Publik,Law,TRUE,Semua,FALSE,FALSE,FALSE,None,FALSE,None,1,TRUE,FALSE,FALSE,TRUE,TRUE,Sarjana-Fresh graduate
Sean Carroll's Mindscape Big Picture Scholarship,Sean Carroll's Mindscape,10000,130000000,0,Publik,Any,FALSE,Semua,FALSE,FALSE,FALSE,None,FALSE,None,1,TRUE,TRUE,TRUE,TRUE,TRUE,SMP-SMA-Sarjana-Fresh graduate
TBC Academic Scholarship,Tiara Cosby,500,6500000,0,Publik,Arts,FALSE,Semua,FALSE,FALSE,TRUE,None,FALSE,First-generation,1,TRUE,FALSE,TRUE,FALSE,FALSE,SMA
GTF Book Scholarship,The Gregory D. Tucker Foundation,500,6500000,3.0,Publik,Any,TRUE,Semua,FALSE,FALSE,FALSE,None,FALSE,HBCU student,1,TRUE,FALSE,FALSE,TRUE,FALSE,Sarjana
Opportunity for Our People Scholarship,Coops Corner,500,6500000,0,Publik,Any,FALSE,Semua,FALSE,FALSE,FALSE,None,FALSE,HBCU student,1,TRUE,FALSE,FALSE,TRUE,FALSE,Sarjana
Albright Carter Campbell Ohana Scholarship for Academic Excellence,George Albright,12200,158600000,0,Publik,Education/Law,FALSE,Semua,FALSE,FALSE,FALSE,None,TRUE,Low-income,3,TRUE,FALSE,FALSE,TRUE,TRUE,Sarjana-Fresh graduate
SmartAsset College SamrtStart Personal Finance Scholarship,SmartAsset,5000,65000000,3.0,Publik,Any,TRUE,Semua,FALSE,FALSE,FALSE,None,FALSE,None,1,TRUE,FALSE,FALSE,TRUE,FALSE,Sarjana
Margot Pickering Aspiring Attorney Scholarship,Margot Marie Pickering Bogner Memorial Scholarship Fund,2500,32500000,3.0,Publik,Law,TRUE,Semua,FALSE,FALSE,FALSE,None,FALSE,KSU student,1,TRUE,FALSE,FALSE,TRUE,TRUE,Sarjana-Fresh graduate
Margot Bogner Memorial Scholarship,Margot Marie Pickering Bogner Memorial Scholarship Fund,2500,32500000,3.5,Publik,Any,TRUE,Perempuan,FALSE,FALSE,FALSE,None,FALSE,Community service 8 hours/Kansas State University student,1,TRUE,FALSE,FALSE,TRUE,FALSE,Sarjana
Eduardo Uvaldo Memorial Scholarship,Uvaldo,1000,13000000,3.0,Publik,Any,TRUE,Semua,FALSE,FALSE,FALSE,None,FALSE,Lost a loved one,2,TRUE,FALSE,FALSE,TRUE,TRUE,Sarjana-Fresh graduate
Book Lovers Scholarship,Calvin Rosser,500,6500000,0,Publik,Any,FALSE,Semua,FALSE,FALSE,FALSE,None,FALSE,Loves books,1,TRUE,TRUE,TRUE,TRUE,TRUE,SMP-SMA-Sarjana-Fresh graduate
Veterans Next Generation Scholarship,Richard and Stephanie Younkins,1500,19500000,0,Publik,Any,FALSE,Semua,FALSE,FALSE,FALSE,None,FALSE,Child of a veteran,3,TRUE,FALSE,FALSE,TRUE,FALSE,Sarjana
James Gabriel Memorial Scholarship,McCormack,1000,13000000,0,Publik,Any,FALSE,Semua,FALSE,FALSE,FALSE,None,FALSE,Survived a congenital heart defect,1,TRUE,TRUE,TRUE,FALSE,FALSE,SMP-SMA
Joey Anderson Dance & Theater Scholarship,Emma Bradley,2100,27300000,0,Publik,Dance/Theater,FALSE,Perempuan,FALSE,FALSE,FALSE,None,FALSE,None,1,TRUE,TRUE,TRUE,TRUE,FALSE,SMP-SMA-Sarjana
Deborah Stevens Pediatric Nursing Scholarship,Deborah Stevens,3000,39000000,0,Publik,Pediatric Nursing,FALSE,Semua,FALSE,FALSE,FALSE,None,FALSE,None,3,TRUE,FALSE,FALSE,TRUE,FALSE,Sarjana
John Traxler Theatre Scholarship,Traxler Family,800,10400000,0,Publik,Fine Arts/Theater,FALSE,Semua,FALSE,FALSE,FALSE,None,FALSE,None,1,TRUE,TRUE,TRUE,TRUE,TRUE,SMP-SMA-Sarjana-Fresh graduate
Organic Formula Shop Single Parent Scholarship,Organic Formula Shop,2000,26000000,0,Publik,Any,FALSE,Semua,FALSE,FALSE,FALSE,Anak single parent,FALSE,Child of single parent,1,TRUE,FALSE,FALSE,TRUE,TRUE,Sarjana-Fresh graduate
"""A Bold Life"" No-Essay Scholarship",Calvin Rosser,500,6500000,0,Publik,Any,FALSE,Semua,FALSE,FALSE,FALSE,None,FALSE,None,1,FALSE,TRUE,TRUE,TRUE,TRUE,SMP-SMA-Sarjana-Fresh graduate
Jimmy Cardenas Community Leader Scholarship,Cardenas Family,500,6500000,0,Publik,Any,FALSE,Semua,FALSE,FALSE,FALSE,None,FALSE,Community Service,1,TRUE,FALSE,FALSE,TRUE,FALSE,Sarjana
Charles Cheesman's Student Debt Reduction Scholarship,Cheesman Family,23000,299000000,0,Publik,Any,FALSE,Semua,FALSE,FALSE,TRUE,None,FALSE,First-generation/Has student loan debt,4,TRUE,FALSE,FALSE,TRUE,TRUE,Sarjana-Fresh graduate
James R. Schaaf Civil Engineering Scholarship,Floodplain Management Association,10500,136500000,0,Publik,Civil Engineering,FALSE,Semua,FALSE,FALSE,FALSE,None,FALSE,None,1,TRUE,FALSE,FALSE,TRUE,FALSE,Sarjana
HM Family Scholarship,HM Family Scholarship,1000,13000000,0,Publik,STEM,FALSE,Semua,FALSE,FALSE,FALSE,None,FALSE,None,1,TRUE,FALSE,TRUE,TRUE,FALSE,SMA-Sarjana
TJ Crowson Memorial Scholarship,The Crowson Family,3000,39000000,0,Publik,Law,FALSE,Semua,FALSE,FALSE,FALSE,None,TRUE,Low-income,2,TRUE,FALSE,TRUE,TRUE,FALSE,SMA-Sarjana
Alice and Gary Barthell Scholarship,Barthell Foundation Inc,2500,32500000,0,Publik,Any,FALSE,Semua,FALSE,FALSE,FALSE,None,FALSE,Junior ROTC,1,TRUE,TRUE,TRUE,FALSE,FALSE,SMP-SMA
Stephan L. Daniels Lift As We Climb Scholarship,Stephen Daniels,5000,65000000,0,Publik,STEM,FALSE,Semua,FALSE,FALSE,FALSE,None,FALSE,None,1,TRUE,FALSE,TRUE,TRUE,FALSE,SMA-Sarjana
Alex D. Sharpless II Memorial Scholarship,Jenny Sharpless,1500,19500000,0,Publik,Business/Accounting/Information Technology,FALSE,Semua,FALSE,FALSE,FALSE,None,FALSE,None,1,TRUE,FALSE,TRUE,FALSE,FALSE,SMA
FMA College Scholarship,Floodplain Management Association,10000,130000000,0,Publik,STEM,FALSE,Semua,FALSE,FALSE,FALSE,None,FALSE,None,1,TRUE,FALSE,FALSE,TRUE,FALSE,Sarjana
Williams Foundation Trailblazer Scholarship,Williams Foundation,1000,13000000,2.5,Publik,Any,TRUE,Semua,FALSE,FALSE,FALSE,None,TRUE,Low-income,1,TRUE,FALSE,TRUE,FALSE,FALSE,SMA
Alkenyatta Al Wilson Scholarship,JACOPRI INC,750,9750000,0,Publik,Any,FALSE,Semua,FALSE,FALSE,FALSE,None,FALSE,Bethune-Cookman University student,1,TRUE,FALSE,FALSE,TRUE,FALSE,Sarjana
"She Rose Initiative's ""More Than a Conqueror"" Scholarship",She Rose Initiative,500,6500000,3.0,Publik,STEM/Healthcare/Health/Public Health/Medicine,TRUE,Perempuan,FALSE,FALSE,FALSE,None,FALSE,Diagnosed with a systemic autoimmune disease,1,TRUE,FALSE,FALSE,TRUE,TRUE,Sarjana-Fresh graduate
Young Women in STEM Scholarship,Stephanie Hagopian,15000,195000000,0,Publik,STEM,FALSE,Perempuan,FALSE,FALSE,FALSE,None,TRUE,Low-income,3,TRUE,FALSE,TRUE,TRUE,FALSE,SMA-Sarjana
Curiosity Chronicle Scholarship,Bold,1000,13000000,0,Publik,Any,FALSE,Semua,FALSE,FALSE,FALSE,None,FALSE,None,1,FALSE,TRUE,TRUE,TRUE,TRUE,SMP-SMA-Sarjana-Fresh graduate
Dema Dimbaya Humanitarianism and Disaster Relief Scholarship,Dema Dimbaya,2000,26000000,0,Publik,Any,FALSE,Semua,FALSE,FALSE,FALSE,None,FALSE,Community Service,2,TRUE,TRUE,TRUE,TRUE,TRUE,SMP-SMA-Sarjana-Fresh graduate
To The Moon Scholarship,Bold,1000,13000000,0,Publik,Any,FALSE,Semua,FALSE,FALSE,FALSE,None,FALSE,None,1,FALSE,TRUE,TRUE,TRUE,TRUE,SMP-SMA-Sarjana-Fresh graduate
Jerrye Chesnes Memorial Scholarship,Chesnes,3000,39000000,0,Publik,Any,FALSE,Semua,FALSE,FALSE,FALSE,None,FALSE,Parent/Returning to school,2,TRUE,FALSE,FALSE,TRUE,TRUE,Sarjana-Fresh graduate
Chris Ford Scholarship,Chris Ford,10000,130000000,3.0,Publik,Business,TRUE,Semua,FALSE,FALSE,FALSE,None,FALSE,None,4,TRUE,FALSE,TRUE,FALSE,FALSE,SMA
Students Impacted by Incarceration Scholarship,Rishi Malhotra,1000,13000000,0,Publik,Any,FALSE,Semua,FALSE,FALSE,FALSE,None,FALSE,Affected by incarceration,1,TRUE,TRUE,TRUE,TRUE,FALSE,SMP-SMA-Sarjana
Lauren Czebatul Scholarship,Nick Scheller,3700,48100000,3.0,Publik,Any,TRUE,Semua,FALSE,TRUE,FALSE,None,TRUE,Low-income/Sport Extracurricular/Volunteering,1,TRUE,TRUE,TRUE,TRUE,FALSE,SMP-SMA-Sarjana
Patricia Ann Whelan Memorial Scholarship,Whelan Family,500,6500000,0,Publik,Education,FALSE,Semua,FALSE,FALSE,FALSE,None,FALSE,Marrywood University student,1,TRUE,FALSE,FALSE,TRUE,FALSE,Sarjana
For What It's Worth Scholarship,Bold,1000,13000000,0,Publik,Education,FALSE,Semua,FALSE,FALSE,FALSE,None,FALSE,None,1,FALSE,TRUE,TRUE,TRUE,TRUE,SMP-SMA-Sarjana-Fresh graduate
Ruebenna Greenfield Flack Scholarship,Enya Flack,2300,29900000,0,Publik,Education,FALSE,Perempuan,TRUE,FALSE,FALSE,None,FALSE,None,1,TRUE,FALSE,FALSE,TRUE,FALSE,Sarjana
Yvela Michele Memorial Scholarship for Resilient Single Parents,American Notary & Signing Services,1000,13000000,0,Publik,Education,FALSE,Semua,FALSE,FALSE,FALSE,Keluarga single parent,FALSE,Single parent related,1,TRUE,TRUE,TRUE,TRUE,TRUE,SMP-SMA-Sarjana-Fresh graduate
Ruthie Brown Scholarship,Lee Porscha Moore,5000,65000000,0,Publik,Education,FALSE,Semua,FALSE,FALSE,FALSE,None,FALSE,Adult learner/Non-traditional student/disability student/full or part-timer,1,TRUE,TRUE,TRUE,TRUE,TRUE,SMP-SMA-Sarjana-Fresh graduate
King Jay Foundation Scholarship,Brittany Murry,500,6500000,3.5,Publik,Education,TRUE,Semua,FALSE,FALSE,TRUE,None,FALSE,First-generation,1,TRUE,TRUE,TRUE,FALSE,FALSE,SMP-SMA
Fuerza Y Ganas Scholarship,Estanislao,1500,19500000,0,Publik,Medicine,FALSE,Perempuan,FALSE,FALSE,TRUE,None,FALSE,First-generation,3,TRUE,TRUE,TRUE,TRUE,FALSE,SMP-SMA-Sarjana
Jacob Daniel Dumas Memorial Jewish Scholarship,Dumas,3000,39000000,0,Kristen,STEM,FALSE,Semua,FALSE,FALSE,FALSE,None,FALSE,None,2,TRUE,FALSE,TRUE,TRUE,FALSE,SMA-Sarjana
Nitro Pay For College No-Essay Scholarship,Bold,10000,130000000,0,Publik,Any,FALSE,Semua,FALSE,FALSE,FALSE,None,FALSE,None,1,FALSE,TRUE,TRUE,TRUE,TRUE,SMP-SMA-Sarjana-Fresh graduate
Forget Your Student Debt No-Essay Grant,Bold,500,6500000,0,Publik,Any,FALSE,Semua,FALSE,FALSE,FALSE,None,FALSE,None,1,FALSE,TRUE,TRUE,TRUE,TRUE,SMP-SMA-Sarjana-Fresh graduate
500 Bold Points No-Essay Scholarship,Bold,5000,65000000,0,Publik,Any,FALSE,Semua,FALSE,FALSE,FALSE,None,FALSE,None,1,FALSE,TRUE,TRUE,TRUE,TRUE,SMP-SMA-Sarjana-Fresh graduate
Be Bold No-Essay Scholarship,Bold,25046,325598000,0,Publik,Any,FALSE,Semua,FALSE,FALSE,FALSE,None,FALSE,None,1,FALSE,TRUE,TRUE,TRUE,TRUE,SMP-SMA-Sarjana-Fresh graduate
Conscious Consumer Scholarship,Bold,1000,13000000,0,Publik,Any,FALSE,Semua,FALSE,FALSE,FALSE,None,FALSE,None,1,FALSE,TRUE,TRUE,TRUE,TRUE,SMP-SMA-Sarjana-Fresh graduate
1000 Bold Points No-Essay Scholarship,Bold,10000,130000000,0,Publik,Any,FALSE,Semua,FALSE,FALSE,FALSE,None,FALSE,None,1,FALSE,TRUE,TRUE,TRUE,TRUE,SMP-SMA-Sarjana-Fresh graduate
Bold No-Essay Community Scholarship,Bold,5000,65000000,0,Publik,Any,FALSE,Semua,FALSE,FALSE,FALSE,None,FALSE,None,1,FALSE,TRUE,TRUE,TRUE,TRUE,SMP-SMA-Sarjana-Fresh graduate
Bold No-Essay Top Friend Scholarship,Bold,5000,65000000,0,Publik,Any,FALSE,Semua,FALSE,FALSE,FALSE,None,FALSE,None,1,FALSE,TRUE,TRUE,TRUE,TRUE,SMP-SMA-Sarjana-Fresh graduate
400 Bold Points No-Essay Scholarship,Bold,4000,52000000,0,Publik,Any,FALSE,Semua,FALSE,FALSE,FALSE,None,FALSE,None,1,FALSE,TRUE,TRUE,TRUE,TRUE,SMP-SMA-Sarjana-Fresh graduate
300 Bold Points No-Essay Scholarship,Bold,3000,39000000,0,Publik,Any,FALSE,Semua,FALSE,FALSE,FALSE,None,FALSE,None,1,FALSE,TRUE,TRUE,TRUE,TRUE,SMP-SMA-Sarjana-Fresh graduate
200 Bold Points No-Essay Scholarship,Bold,2000,26000000,0,Publik,Any,FALSE,Semua,FALSE,FALSE,FALSE,None,FALSE,None,1,FALSE,TRUE,TRUE,TRUE,TRUE,SMP-SMA-Sarjana-Fresh graduate
100 Bold Points No-Essay Scholarship,Bold,1000,13000000,0,Publik,Any,FALSE,Semua,FALSE,FALSE,FALSE,None,FALSE,None,1,FALSE,TRUE,TRUE,TRUE,TRUE,SMP-SMA-Sarjana-Fresh graduate
CollegeVine Dream School Scholarship,Bold,1000,13000000,0,Publik,Any,FALSE,Semua,FALSE,FALSE,FALSE,None,FALSE,None,1,FALSE,TRUE,TRUE,FALSE,FALSE,SMP-SMA
Daily Upside Business News Scholarship,Bold,1000,13000000,0,Publik,Any,FALSE,Semua,FALSE,FALSE,FALSE,None,FALSE,None,1,FALSE,FALSE,FALSE,FALSE,TRUE,Fresh graduate
Micheal Passanita Memorial Scholarship,Beth,1000,13000000,0,Publik,Culinary Arts,FALSE,Semua,FALSE,FALSE,FALSE,None,FALSE,food service industry,1,TRUE,TRUE,TRUE,TRUE,FALSE,SMP-SMA-Sarjana
Gloria Stokes Memorial Scholarship,Jada Dumas,500,6500000,0,Publik,Any,FALSE,Semua,FALSE,FALSE,FALSE,None,TRUE,Low-income,1,TRUE,FALSE,TRUE,TRUE,FALSE,SMA-Sarjana
Jeannine Schroeder Women in Public Service Memorial Scholarship,Andrea Beck,4000,52000000,0,Publik,STEAM/Public Service,FALSE,Perempuan,FALSE,TRUE,FALSE,None,FALSE,Volunteering,4,TRUE,FALSE,FALSE,TRUE,FALSE,Sarjana
Cade Reddington Be the Light Scholarship,Cade Reddington Memorial Fund,2000,26000000,0,Publik,Any,FALSE,Semua,FALSE,FALSE,FALSE,None,FALSE,Affected by substance use or addiction or mental health struggles,2,TRUE,FALSE,TRUE,FALSE,FALSE,SMA
Community Reinvestment Grant Pride Scholarship,The Atlanta Pride Committe Inc,2500,32500000,0,Publik,Any,FALSE,LGBTQ+,FALSE,FALSE,TRUE,None,FALSE,First-generation,1,TRUE,TRUE,TRUE,TRUE,FALSE,SMP-SMA-Sarjana
Kristen McCartney Perseverance Scholarship,Kristen's Krew,4000,52000000,3.5,Publik,Any,TRUE,Perempuan,FALSE,TRUE,FALSE,None,FALSE,Volunteering,2,TRUE,TRUE,TRUE,FALSE,FALSE,SMP-SMA
Dr. Ifeoma Ezebuiro Ezeobele Africans in Nursing Scholarship,Ezebuiro,1000,13000000,0,Publik,Nursing,FALSE,Semua,FALSE,FALSE,FALSE,None,FALSE,None,1,TRUE,FALSE,FALSE,TRUE,TRUE,Sarjana-Fresh graduate
Andrea M Taylor Future Doctors Scholarship,Ajeenah Crittendon,500,6500000,0,Publik,Medicine,FALSE,Semua,FALSE,FALSE,FALSE,None,TRUE,Low-income,1,TRUE,TRUE,TRUE,TRUE,TRUE,SMP-SMA-Sarjana-Fresh graduate
Alma J. Grubbs Education Scholarship,Serenia Beckton,500,6500000,0,Publik,Education/Teaching,FALSE,Semua,FALSE,FALSE,FALSE,None,FALSE,None,1,TRUE,TRUE,TRUE,TRUE,TRUE,SMP-SMA-Sarjana-Fresh graduate
Filipino-American Scholarship,Lee Cortez,1500,19500000,0,Publik,Any,FALSE,Semua,FALSE,FALSE,FALSE,None,FALSE,Community service experience,3,TRUE,FALSE,FALSE,TRUE,FALSE,Sarjana
Keep Going Forward No Essay Scholarship,Ben Schneider,1500,19500000,0,Publik,Any,FALSE,Semua,FALSE,FALSE,FALSE,None,FALSE,None,1,FALSE,TRUE,TRUE,TRUE,TRUE,SMP-SMA-Sarjana-Fresh graduate
Ventana Ocean Conservation Scholarship,Ventana Surfboards & Supplies,3300,42900000,0,Publik,Ocean Conservation/Marine Science/Environtmental Science/Marine Biology,FALSE,Semua,FALSE,FALSE,FALSE,None,FALSE,None,1,TRUE,TRUE,TRUE,TRUE,TRUE,SMP-SMA-Sarjana-Fresh graduate
Mohamed Magdi Taha Memorial Scholarship,Taha Family,6000,78000000,0,Publik,STEAM/Arts,FALSE,Semua,FALSE,FALSE,FALSE,None,FALSE,None,3,TRUE,FALSE,FALSE,TRUE,FALSE,Sarjana
Trees for Tuition Scholarship Fund,Trees for Tuition,24000,312000000,0,Publik,Any,FALSE,Semua,FALSE,FALSE,FALSE,None,FALSE,None,12,TRUE,FALSE,TRUE,TRUE,FALSE,SMA-Sarjana
Jacques Borges Memorial Scholarship,MONA LISA LYSINGER,4964,64532000,0,Publik,Civil Engineering,FALSE,Semua,FALSE,FALSE,FALSE,None,FALSE,None,1,TRUE,TRUE,TRUE,TRUE,FALSE,SMP-SMA-Sarjana
Dylan James Miller Memorial Scholarship,Kim Miller,500,6500000,0,Publik,Automotive,FALSE,Semua,FALSE,FALSE,FALSE,None,FALSE,None,1,TRUE,FALSE,FALSE,TRUE,TRUE,Sarjana-Fresh graduate
Refind - Get Smarter Every Day Scholarship,Bold,1000,13000000,0,Publik,Any,FALSE,Semua,FALSE,FALSE,FALSE,None,FALSE,None,1,FALSE,TRUE,TRUE,TRUE,TRUE,SMP-SMA-Sarjana-Fresh graduate
Best Catholic Colleges No-Essay Scholarship,Bold,1000,13000000,0,Katolik,Any,FALSE,Semua,FALSE,FALSE,FALSE,None,FALSE,None,1,FALSE,TRUE,TRUE,FALSE,FALSE,SMP-SMA
Best Faith-Based Colleges No-Essay Scholarship,Bold,1000,13000000,0,Publik,Any,FALSE,Semua,FALSE,FALSE,FALSE,None,FALSE,None,1,FALSE,TRUE,TRUE,FALSE,FALSE,SMP-SMA
Matt Preziose Creative Scholarship,Gisela Delgado,1000,13000000,0,Publik,Arts,FALSE,Semua,FALSE,FALSE,FALSE,None,FALSE,None,1,TRUE,FALSE,FALSE,TRUE,FALSE,Sarjana
Ojeda Multi-County Youth Scholarship,Geanette Rodriguez-Ojeda,1000,13000000,2.9,Publik,Any,TRUE,Semua,FALSE,FALSE,FALSE,None,FALSE,None,2,TRUE,FALSE,TRUE,FALSE,FALSE,SMA
D'Andre J. Brown Memorial Scholarship,Cindy Brown,4355,56615000,3.0,Publik,Any,TRUE,Semua,FALSE,FALSE,FALSE,None,FALSE,None,2,TRUE,FALSE,TRUE,FALSE,FALSE,SMA
Lieba's Legacy Scholarship,Joran Family,1000,13000000,0,Publik,Any,FALSE,Semua,FALSE,FALSE,FALSE,None,FALSE,Academic Merit/Nurturing social-emotional wellbeing and gifted children,1,TRUE,TRUE,TRUE,TRUE,FALSE,SMP-SMA-Sarjana
Huddle Up Scholarship,Bold,1000,13000000,0,Publik,Any,FALSE,Semua,FALSE,FALSE,FALSE,None,FALSE,None,1,FALSE,TRUE,TRUE,TRUE,TRUE,SMP-SMA-Sarjana-Fresh graduate
Front Office Sports Scholarship,Bold,500,6500000,0,Publik,Any,FALSE,Semua,FALSE,FALSE,FALSE,None,FALSE,None,1,FALSE,TRUE,TRUE,TRUE,TRUE,SMP-SMA-Sarjana-Fresh graduate
Margalie Jean-Baptiste Scholarship,Patrick Barron,1000,13000000,0,Publik,Any,FALSE,Perempuan,FALSE,FALSE,TRUE,None,TRUE,First-generation/Low-income,1,TRUE,FALSE,TRUE,FALSE,FALSE,SMA
Chang Heaton Scholarship for Music Excellence,Melody Heaton,2500,32500000,0,Publik,Music/Theater,FALSE,Semua,FALSE,FALSE,TRUE,None,FALSE,First-generation,5,TRUE,FALSE,FALSE,TRUE,TRUE,Sarjana-Fresh graduate
WayUp Dream Job No-Essay Scholarship,Bold,1000,13000000,0,Publik,Any,FALSE,Semua,FALSE,FALSE,FALSE,None,FALSE,Graduate between 2020-2026,1,FALSE,FALSE,FALSE,TRUE,TRUE,Sarjana-Fresh graduate
Taylor Ibarrondo Memorial Scholarship,Ibarrondo Family,2266,29458000,3.0,Publik,Any,TRUE,Semua,FALSE,FALSE,FALSE,None,FALSE,Demonstrated interest in civic engagement,2,TRUE,TRUE,TRUE,FALSE,FALSE,SMP-SMA
ESPDaniella Debt Grant,Carlynn Greene,4500,58500000,0,Publik,Any,FALSE,Semua,FALSE,FALSE,FALSE,None,FALSE,Has student debt,3,FALSE,FALSE,FALSE,TRUE,TRUE,Sarjana-Fresh graduate
Dashanna K. McNeil Memorial Scholarship,Dashanna K McNeil Memorial Scholarship,1220,15860000,0,Publik,Nursing,FALSE,Semua,FALSE,FALSE,FALSE,None,FALSE,None,3,TRUE,TRUE,TRUE,TRUE,TRUE,SMP-SMA-Sarjana-Fresh graduate
Dollar Isn't Everything Scholarship,Ben Schneider,500,6500000,0,Publik,Any,FALSE,Semua,FALSE,FALSE,FALSE,None,FALSE,None,1,FALSE,TRUE,TRUE,TRUE,TRUE,SMP-SMA-Sarjana-Fresh graduate
The GIST Women's Sports Business Scholarship,Bold,1000,13000000,0,Publik,Any,FALSE,Perempuan,FALSE,FALSE,FALSE,None,FALSE,None,1,FALSE,FALSE,FALSE,TRUE,TRUE,Sarjana-Fresh graduate
Cappex Adult Learners Scholarship,Bold,1000,13000000,0,Publik,Any,FALSE,Semua,FALSE,FALSE,FALSE,None,FALSE,Non-traditional students,2,FALSE,TRUE,TRUE,TRUE,TRUE,SMP-SMA-Sarjana-Fresh graduate
Survey Junkie Brand Influencer No-Essay Scholarship,Bold,1000,13000000,0,Publik,Any,FALSE,Semua,FALSE,FALSE,FALSE,None,FALSE,None,1,FALSE,TRUE,TRUE,TRUE,TRUE,SMP-SMA-Sarjana-Fresh graduate
Cappex No-Essay Scholarship,Bold,1000,13000000,0,Publik,Any,FALSE,Semua,FALSE,FALSE,FALSE,None,FALSE,None,1,FALSE,TRUE,TRUE,TRUE,TRUE,SMP-SMA-Sarjana-Fresh graduate
CollegeXpress No-Essay Scholarship,Bold,1000,13000000,0,Publik,Any,FALSE,Semua,FALSE,FALSE,FALSE,None,FALSE,None,1,FALSE,TRUE,TRUE,FALSE,FALSE,SMP-SMA
Catholic Colleges No-Essay Scholarship,Bold,1000,13000000,0,Katolik,Any,FALSE,Semua,FALSE,FALSE,FALSE,None,FALSE,None,1,FALSE,TRUE,TRUE,FALSE,FALSE,SMP-SMA
Going Merry Multiple No-Essay Scholarship in One Scholarship,Going Merry,1000,13000000,0,Publik,Any,FALSE,Semua,FALSE,FALSE,FALSE,None,FALSE,None,1,TRUE,TRUE,TRUE,TRUE,TRUE,SMP-SMA-Sarjana-Fresh graduate
Learner Education Women in Mathematics Scholarship,Learner,1000,13000000,0,Publik,Math,FALSE,Perempuan,FALSE,FALSE,FALSE,None,FALSE,None,1,TRUE,TRUE,TRUE,TRUE,FALSE,SMP-SMA-Sarjana
GIST Sports Media No-Essay Scholarship,Bold,1000,13000000,0,Publik,Any,FALSE,Semua,FALSE,FALSE,FALSE,None,FALSE,None,1,TRUE,TRUE,TRUE,TRUE,TRUE,SMP-SMA-Sarjana-Fresh graduate
Ukrainian Women in STEM,Anonymous Donor,20000,260000000,0,Publik,STEM,FALSE,Perempuan,FALSE,FALSE,FALSE,None,FALSE,Ukranian Nationality,4,TRUE,FALSE,FALSE,TRUE,FALSE,Sarjana
Ethel Hayes Destigmatization of Mental Health Scholarship,Dr.Terence O. Hayes Sr,11200,145600000,0,Publik,Any,FALSE,Semua,FALSE,FALSE,FALSE,None,FALSE,None,3,TRUE,TRUE,TRUE,TRUE,TRUE,SMP-SMA-Sarjana-Fresh graduate
Average Joe Financial News Scholarship,Bold,1000,13000000,0,Publik,Any,FALSE,Semua,FALSE,FALSE,FALSE,None,FALSE,None,1,FALSE,FALSE,FALSE,TRUE,TRUE,Sarjana-Fresh graduate
Wondermind Mental Fitness No-Essay Scholarship,Bold,1000,13000000,0,Publik,Any,FALSE,Semua,FALSE,FALSE,FALSE,None,FALSE,None,1,FALSE,TRUE,TRUE,TRUE,TRUE,SMP-SMA-Sarjana-Fresh graduate
Scott McLam Memorial Scholarship,John Gerli,6000,78000000,0,Publik,Any,FALSE,Semua,FALSE,FALSE,FALSE,None,FALSE,Playing Lacrosse sport,2,TRUE,TRUE,TRUE,TRUE,TRUE,SMP-SMA-Sarjana-Fresh graduate
Niche College No-Essay Scholarship,Bold,1000,13000000,0,Publik,Any,FALSE,Semua,FALSE,FALSE,FALSE,None,FALSE,None,1,FALSE,TRUE,TRUE,TRUE,TRUE,SMP-SMA-Sarjana-Fresh graduate
Science for Life Biology and Health Science No-Essay Scholarship,Bold,1000,13000000,0,Publik,Biology/Health Science,FALSE,Semua,FALSE,FALSE,FALSE,None,FALSE,None,1,FALSE,TRUE,TRUE,TRUE,TRUE,SMP-SMA-Sarjana-Fresh graduate
A Bold Mind Psychology No-Essay Scholarship,Bold,1000,13000000,0,Publik,Psychology,FALSE,Semua,FALSE,FALSE,FALSE,None,FALSE,None,1,FALSE,TRUE,TRUE,TRUE,TRUE,SMP-SMA-Sarjana-Fresh graduate
Faith-Based Colleges No-Essay Scholarship,Bold,1000,13000000,0,Publik,Any,FALSE,Semua,FALSE,FALSE,FALSE,None,FALSE,None,1,FALSE,TRUE,TRUE,FALSE,FALSE,SMP-SMA
Milk Road Crypto and Web3 No-Essay Scholarship,Bold,1000,13000000,0,Publik,Any,FALSE,Semua,FALSE,FALSE,FALSE,None,FALSE,None,1,FALSE,TRUE,TRUE,TRUE,TRUE,SMP-SMA-Sarjana-Fresh graduate
Hannah's Community Foster Care Forward Scholarship,Hannah Pfister,500,6500000,0,Publik,Any,FALSE,Semua,FALSE,FALSE,FALSE,None,FALSE,Currently in or have aged out of the foster care system,1,TRUE,TRUE,TRUE,TRUE,FALSE,SMP-SMA-Sarjana
Kim Moon Bae Underrepresented Students Scholarship,John Kim,1000,13000000,0,Publik,Any,FALSE,Semua,TRUE,FALSE,FALSE,None,FALSE,Underrepresented minority,1,TRUE,FALSE,FALSE,TRUE,FALSE,Sarjana
Dreamer's Midpoint Scholarship,Dreamer's Midpoint,500,6500000,2.5,Publik,Any,TRUE,Semua,FALSE,FALSE,FALSE,None,FALSE,Non US citizen,1,TRUE,FALSE,TRUE,TRUE,FALSE,SMA-Sarjana
Hector L. Minott Sr. Future Doctor Scholarship,Anonymous,1000,13000000,0,Publik,Health Science,FALSE,Semua,FALSE,FALSE,FALSE,None,FALSE,None,2,TRUE,FALSE,FALSE,TRUE,TRUE,Sarjana-Fresh graduate
ESOF Academic Scholarship,ESOF,1000,13000000,3.0,Publik,Any,TRUE,Semua,FALSE,FALSE,FALSE,None,FALSE,HBCU student,2,TRUE,FALSE,TRUE,FALSE,FALSE,SMA
Kahoot Live Scholarship,Bold,500,6500000,0,Publik,Any,FALSE,Semua,FALSE,FALSE,FALSE,None,FALSE,None,1,FALSE,TRUE,TRUE,TRUE,TRUE,SMP-SMA-Sarjana-Fresh graduate
Corrick Family First-Gen Scholarship,Corrick Family,1500,19500000,0,Publik,STEM,FALSE,Semua,FALSE,FALSE,TRUE,None,FALSE,First-generation,1,TRUE,FALSE,FALSE,TRUE,FALSE,Sarjana
Social Change Fund United Scholarship,The Social Change Fund United,15000,195000000,0,Publik,Mental Health,FALSE,Semua,FALSE,FALSE,FALSE,None,FALSE,None,3,TRUE,FALSE,FALSE,TRUE,TRUE,Sarjana-Fresh graduate
Solomon Vann Memorial Scholarship,Juanita Inman-Vann,1000,13000000,3.0,Publik,Business/Computers/Engineering/Music/Psychology,TRUE,Semua,FALSE,FALSE,FALSE,None,FALSE,Mental illness experience,2,TRUE,FALSE,TRUE,TRUE,FALSE,SMA-Sarjana
Scholly No-Essay Scholarship,Bold,500,6500000,0,Publik,Any,FALSE,Semua,FALSE,FALSE,FALSE,None,FALSE,None,1,FALSE,TRUE,TRUE,TRUE,TRUE,SMP-SMA-Sarjana-Fresh graduate
CampusReel No-Essay Scholarship,Bold,500,6500000,0,Publik,Any,FALSE,Semua,FALSE,FALSE,FALSE,None,FALSE,None,1,FALSE,TRUE,TRUE,TRUE,TRUE,SMP-SMA-Sarjana-Fresh graduate
AI Innovators Undergraduate Scholarship,CommandBar,2000,26000000,0,Publik,Artificial Intelligent,FALSE,Semua,FALSE,FALSE,FALSE,None,FALSE,None,2,TRUE,FALSE,FALSE,TRUE,FALSE,Sarjana
Youssef University's Muslim Scholarship Fund,Youssef Hasweh,1500,19500000,3.0,Islam,Any,TRUE,Semua,FALSE,FALSE,FALSE,None,FALSE,None,1,TRUE,TRUE,TRUE,TRUE,TRUE,SMP-SMA-Sarjana-Fresh graduate
Ed and Flora Pellegri Scholarship,Edward Pellegri,5000,65000000,0,Publik,Law Enforcement/Nursing/Teaching,FALSE,Semua,FALSE,FALSE,FALSE,None,FALSE,None,2,TRUE,FALSE,TRUE,TRUE,FALSE,SMA-Sarjana
Robert F. Lawson Fund for Careers that Care,Lance Lawson,500,6500000,0,Publik,Healthcare/Social Work/Government/Education,FALSE,Semua,FALSE,FALSE,FALSE,None,TRUE,Low-income,1,TRUE,FALSE,TRUE,TRUE,FALSE,SMA-Sarjana
Walking in Authority International Ministry Scholarship,Walking in Authority Internation Ministry,650,8450000,2.5,Publik,Any,TRUE,Semua,FALSE,TRUE,FALSE,None,FALSE,Volunteering,1,TRUE,FALSE,TRUE,TRUE,FALSE,SMA-Sarjana
Andrea Claire Matason Memorial Scholarship,The Matason Family,1000,13000000,0,Publik,Veterinary,FALSE,Semua,FALSE,TRUE,FALSE,None,FALSE,Volunteering at animal shelter or rescue group,2,TRUE,FALSE,TRUE,TRUE,FALSE,SMA-Sarjana
Medford Volunteer Ambulance Aspiring Healthcare Hero's Scholarship,Medford Volunteer Ambulance Inc,3000,39000000,0,Publik,Healthcare,FALSE,Semua,FALSE,FALSE,FALSE,None,FALSE,None,5,TRUE,FALSE,TRUE,FALSE,FALSE,SMA
Dynamic Edge Women in STEM Scholarship,Dynamic Edge Inc,4000,52000000,0,Publik,STEM-related,FALSE,Perempuan,FALSE,FALSE,FALSE,None,FALSE,None,2,TRUE,TRUE,TRUE,TRUE,FALSE,SMP-SMA-Sarjana
Future of Aviation Scholarship,Thomas Mannion,2500,32500000,0,Publik,Aviation/Piloting,FALSE,Semua,FALSE,FALSE,FALSE,None,FALSE,None,1,TRUE,TRUE,TRUE,TRUE,FALSE,SMP-SMA-Sarjana
Rita A. Clark Future Educator Award,Lynn Clark,550,7150000,0,Publik,Education,FALSE,Semua,FALSE,FALSE,FALSE,None,FALSE,None,1,TRUE,FALSE,TRUE,TRUE,FALSE,SMA-Sarjana
Mattie's Way Memorial Scholarship,Wilmoth Family,1000,13000000,0,Publik,Psychology/Counseling,FALSE,Semua,FALSE,FALSE,FALSE,None,FALSE,None,1,TRUE,FALSE,TRUE,TRUE,FALSE,SMA-Sarjana
HRCap Next-Gen Leadership Scholarship,HRCap Inc,5000,65000000,0,Publik,Any,FALSE,Semua,FALSE,FALSE,FALSE,None,FALSE,AAPI student,6,TRUE,FALSE,FALSE,TRUE,TRUE,Sarjana-Fresh graduate
JDT Ventures Scholarship Fund,We Clean and Azcany Brand,1000,13000000,0,Publik,Any,FALSE,Semua,FALSE,FALSE,FALSE,None,TRUE,International citizen/Low-income,2,TRUE,FALSE,TRUE,FALSE,FALSE,SMA
Edward Feliciano Mentoring Nurse Anesthesia Scholarship,Gibson CRNA A Nursing Anesthesia Corporation,1000,13000000,0,Publik,Nursing Anesthesia,FALSE,Semua,FALSE,FALSE,FALSE,None,FALSE,Passionate about mentoring or motivating others,1,TRUE,TRUE,TRUE,TRUE,TRUE,SMP-SMA-Sarjana-Fresh graduate
Net Impact Berkeley Social Impact Scholarship,Net Impact Berkeley,3000,39000000,0,Publik,Any,FALSE,Semua,TRUE,FALSE,TRUE,None,FALSE,First-generation/Underrepresented minority,3,TRUE,FALSE,TRUE,FALSE,FALSE,SMA
Andrew Perez Mental Illness/Suicidal Awareness Education Scholarship,Jesus Perez,1000,13000000,0,Publik,Any,FALSE,Semua,FALSE,FALSE,FALSE,None,FALSE,None,1,TRUE,TRUE,TRUE,TRUE,FALSE,SMP-SMA-Sarjana
Jake Thomas Williams Memorial Scholarship,Williams Family,2750,35750000,0,Publik,Social work/Therapy/Psychology,FALSE,Semua,FALSE,FALSE,FALSE,None,FALSE,None,1,TRUE,FALSE,TRUE,FALSE,FALSE,SMA
Jailyn Tamia Scholarship,JAILYNTAMIA Headquarters,2000,26000000,3.0,Publik,Business,TRUE,Semua,FALSE,FALSE,FALSE,None,FALSE,Plan to begin a business or become an entrepreneur,2,TRUE,FALSE,FALSE,TRUE,TRUE,Sarjana-Fresh graduate
Kyle Rairdan Memorial Aviation Scholarship,Rairdan,4000,52000000,0,Publik,Aviation,FALSE,Semua,FALSE,FALSE,FALSE,None,FALSE,Community involvement,2,TRUE,TRUE,TRUE,TRUE,TRUE,SMP-SMA-Sarjana-Fresh graduate
DK Memorial Sports Broadcasting Scholarship,Friends of DK,2500,32500000,0,Publik,Sports Broadcasting/Sports Journalism,FALSE,Semua,FALSE,FALSE,FALSE,None,FALSE,None,1,TRUE,FALSE,FALSE,TRUE,TRUE,Sarjana-Fresh graduate
Martha Galvez Memorial Scholarship,Cassie Galvez,1000,13000000,0,Publik,Nursing,FALSE,Semua,FALSE,FALSE,FALSE,None,FALSE,None,1,TRUE,TRUE,TRUE,TRUE,TRUE,SMP-SMA-Sarjana-Fresh graduate
Awarded,Tyra-Ochoa Family,5000,65000000,0,Publik,Art/Music/Education/Healthcare,FALSE,Semua,FALSE,FALSE,FALSE,None,FALSE,None,1,TRUE,FALSE,TRUE,FALSE,FALSE,SMA
Sammy Ochoa Memorial Scholarship,Tyra-Ochoa Family,5000,65000000,0,Publik,Any,FALSE,Semua,FALSE,FALSE,FALSE,None,FALSE,None,1,TRUE,TRUE,TRUE,FALSE,FALSE,SMP-SMA
Ohio Soccer Moms and Dads Scholarship,Soccer Moms and Dads LLC,500,6500000,0,Publik,Soccer,FALSE,Semua,FALSE,FALSE,FALSE,None,FALSE,Plays varsity for college or university team,1,TRUE,FALSE,FALSE,TRUE,FALSE,Sarjana
Advantech Intelligent Planet Scholarship,Advantech,10000,130000000,0,Publik,Any,FALSE,Semua,FALSE,FALSE,FALSE,None,FALSE,None,4,TRUE,FALSE,TRUE,FALSE,FALSE,SMA
Donovan Ghimenti Legacy Scholarship,Ghimenti Family,5000,65000000,0,Publik,Any,FALSE,Semua,FALSE,FALSE,FALSE,None,FALSE,Affected by mental health issues or drug abuse,5,TRUE,TRUE,TRUE,TRUE,FALSE,SMP-SMA-Sarjana
Short Squees Wall Street Scholarship,Bold,1000,13000000,0,Publik,Any,FALSE,Semua,FALSE,FALSE,FALSE,None,FALSE,None,1,FALSE,TRUE,TRUE,TRUE,TRUE,SMP-SMA-Sarjana-Fresh graduate
Alan Perlow Scholarship,Perlow,806,10478000,0,Kristen,Any,FALSE,Semua,FALSE,FALSE,FALSE,None,TRUE,Low-income,1,TRUE,FALSE,TRUE,TRUE,FALSE,SMA-Sarjana
G.A. Johnston Memorial Scholarship,Johnston Family,1000,13000000,0,Publik,Any,FALSE,Semua,FALSE,FALSE,FALSE,None,FALSE,Interest in watercolor painting,1,TRUE,FALSE,FALSE,TRUE,FALSE,Sarjana
Cleadieais and Dianna Memorial Scholarship,Eric Alston,650,8450000,0,Publik,Any,FALSE,Semua,FALSE,FALSE,FALSE,None,TRUE,Low-income,1,TRUE,FALSE,TRUE,FALSE,FALSE,SMA
Delories Thompson Scholarship,Marcus Thomas,1000,13000000,0,Publik,Any,FALSE,Semua,FALSE,FALSE,FALSE,None,FALSE,HBCU student,1,TRUE,FALSE,FALSE,TRUE,FALSE,Sarjana
Stephen LeCornu Routh Memorial Scholarship,Anonymous,5000,65000000,0,Publik,Engineering,FALSE,Semua,FALSE,FALSE,FALSE,None,FALSE,None,1,TRUE,FALSE,TRUE,TRUE,FALSE,SMA-Sarjana
Maverick Grill and Saloon Scholarship,Maverick Grill and Saloon,3000,39000000,0,Publik,Any,FALSE,Semua,FALSE,FALSE,FALSE,None,FALSE,None,2,TRUE,FALSE,TRUE,TRUE,FALSE,SMA-Sarjana
Kiaan Patel Scholarship,Neel Patel,500,6500000,0,Publik,Any,FALSE,Semua,FALSE,FALSE,FALSE,None,FALSE,Pursuing higher education,1,TRUE,FALSE,TRUE,FALSE,FALSE,SMA
Tom LoCasale Developing Character Through Golf Scholarship,LoCasale Family and Friend,2000,26000000,0,Publik,Any,FALSE,Semua,FALSE,FALSE,FALSE,None,FALSE,Plays golf,2,TRUE,FALSE,TRUE,FALSE,FALSE,SMA
Aunty Geri Kuhia Tribute Scholarship,Sandwich Islands Network Inc,3000,39000000,0,Publik,Performing Arts,FALSE,Semua,FALSE,FALSE,FALSE,None,FALSE,None,3,TRUE,FALSE,TRUE,TRUE,FALSE,SMA-Sarjana
Non-Obvious Insight Scholarship,Bold,1000,13000000,0,Publik,Any,FALSE,Semua,FALSE,FALSE,FALSE,None,FALSE,None,1,FALSE,TRUE,TRUE,TRUE,TRUE,SMP-SMA-Sarjana-Fresh graduate
Big Picture Scholarship,Cynthia Ho,1000,13000000,0,Publik,Any,FALSE,Semua,FALSE,FALSE,FALSE,None,FALSE,None,1,TRUE,TRUE,TRUE,FALSE,FALSE,SMP-SMA
Strength in Neurodiversity Scholarship,Alyssa Douglass,1100,14300000,0,Publik,Any,FALSE,Semua,FALSE,FALSE,FALSE,None,FALSE,Diagnosed or Suspected with a learning disability,1,TRUE,FALSE,TRUE,FALSE,FALSE,SMA
Project Pride of NJ Scholarship,Francesca Stella & donors,1490,19370000,0,Publik,Any,FALSE,LGBTQ+,FALSE,FALSE,FALSE,None,FALSE,Community service,1,TRUE,FALSE,TRUE,TRUE,FALSE,SMA-Sarjana
Johnnie M. Parris Public Service Scholarship,Johnnie M. Parris Foundation,1000,13000000,2.5,Publik,Education/Political Science/Social Justice/Law,TRUE,Semua,FALSE,FALSE,FALSE,None,FALSE,None,1,TRUE,TRUE,TRUE,FALSE,FALSE,SMP-SMA
Cheddar News Need2Know Scholarship,Bold,1000,13000000,0,Publik,Any,FALSE,Semua,FALSE,FALSE,FALSE,None,FALSE,None,1,FALSE,TRUE,TRUE,TRUE,TRUE,SMP-SMA-Sarjana-Fresh graduate
Adam Montes Pride Scholarship,Partridge,1000,13000000,0,Publik,Any,FALSE,LGBTQ+,TRUE,FALSE,TRUE,None,FALSE,First-generation,2,TRUE,TRUE,TRUE,TRUE,TRUE,SMP-SMA-Sarjana-Fresh graduate
Adrin Ohaekwe Memorial Scholarship,Naomi Davide,1000,13000000,0,Publik,Any,FALSE,Laki-laki,FALSE,FALSE,FALSE,None,FALSE,Chess as hobbies,1,TRUE,FALSE,FALSE,TRUE,FALSE,Sarjana
North Star Dreamers Memorial Scholarship,Spring Piatek,5000,65000000,0,Publik,Any,FALSE,Semua,FALSE,FALSE,FALSE,None,FALSE,Career in science or invention or entrepreneurship,1,TRUE,TRUE,TRUE,FALSE,FALSE,SMP-SMA
Jerome D. Carr Memorial Scholarship for Overcoming Adversity,Matthew Brick,500,6500000,0,Publik,Any,FALSE,Semua,FALSE,FALSE,FALSE,None,FALSE,None,1,TRUE,FALSE,FALSE,TRUE,FALSE,Sarjana
Ubuntu Scholarship,Melissa Sandoval,500,6500000,3.0,Publik,Any,TRUE,Semua,FALSE,FALSE,FALSE,None,FALSE,None,1,TRUE,FALSE,TRUE,FALSE,FALSE,SMA
Carolyn Hawkins Memorial Scholarship,Joye Ashby Sherri Leimer Jennifer Fields and Mary Martin,600,7800000,0,Publik,Any,FALSE,Semua,FALSE,FALSE,FALSE,None,TRUE,Low-income,1,TRUE,FALSE,TRUE,FALSE,FALSE,SMA
Seherzada Scholarship,Ajdin Masic,1100,14300000,0,Publik,Any,FALSE,Perempuan,FALSE,FALSE,FALSE,Single mother,FALSE,A parent/English as second language,1,TRUE,TRUE,TRUE,TRUE,TRUE,SMP-SMA-Sarjana-Fresh graduate
James Allen Crosby & William Edward Huff Scholarship,Misty Thomas,500,6500000,0,Publik,Criminal Justice/Forensic Science,FALSE,Semua,FALSE,FALSE,FALSE,None,FALSE,None,1,TRUE,FALSE,TRUE,FALSE,FALSE,SMA
Della Fleetwood-Sherrod Humanitarian Scholarship,Fleetwood-Sherrod Family,3050,39650000,0,Publik,Any,FALSE,Semua,FALSE,FALSE,FALSE,None,TRUE,Low-income,2,TRUE,FALSE,TRUE,FALSE,FALSE,SMA
Evan T. Wissing Choose a Better Life Scholarship,Katy Uhl,1000,13000000,0,Publik,Any,FALSE,Semua,FALSE,FALSE,FALSE,None,FALSE,None,1,TRUE,FALSE,TRUE,TRUE,FALSE,SMA-Sarjana
James Michael Morris Family Scholarship,The Educational Foundation in Ophthalmic Optics Inc,20000,260000000,0,Publik,Ophthalmic/Optometric Support Services,FALSE,Semua,FALSE,FALSE,FALSE,None,FALSE,None,4,TRUE,TRUE,TRUE,TRUE,TRUE,SMP-SMA-Sarjana-Fresh graduate
David Foster Memorial Scholarship,Foster,2500,32500000,0,Publik,Any,FALSE,Semua,FALSE,FALSE,FALSE,None,FALSE,None,1,TRUE,FALSE,TRUE,FALSE,FALSE,SMA
Dr. Magidson Memorial Theater Scholarship,Magidson Family,5000,65000000,0,Publik,Theater Arts,FALSE,Semua,FALSE,FALSE,TRUE,None,TRUE,First-generation/Low-income,1,TRUE,TRUE,TRUE,TRUE,TRUE,SMP-SMA-Sarjana-Fresh graduate
Francis E. Moore Prime Time Ministries Scholarship,Family of Francis E. Moore,1000,13000000,0,Publik,Any,FALSE,Semua,FALSE,FALSE,FALSE,None,FALSE,Affected by incarceration,1,TRUE,TRUE,TRUE,TRUE,TRUE,SMP-SMA-Sarjana-Fresh graduate
Aircraft Mechanics for Aircraft Mechanics Scholarship,Colton Parker,2000,26000000,0,Publik,Aircraft Maintenance,FALSE,Semua,TRUE,FALSE,FALSE,None,TRUE,Low-income/Underrepresented minority,2,TRUE,TRUE,TRUE,TRUE,TRUE,SMP-SMA-Sarjana-Fresh graduate
Most Improved Student Scholarship,Fernando Garcia,500,6500000,0,Publik,Any,FALSE,Semua,FALSE,FALSE,FALSE,None,FALSE,Improvement academically and personally,1,TRUE,FALSE,TRUE,FALSE,FALSE,SMA
Patriots Path Scholarship,Navy Yacht Club Long Beach,5000,65000000,3.0,Publik,Any,TRUE,Semua,FALSE,FALSE,FALSE,None,FALSE,ROTC/JROTC,5,TRUE,FALSE,TRUE,TRUE,FALSE,SMA-Sarjana
Beatrice Diaz Memorial Scholarship,Lisa Truppa,1000,13000000,0,Publik,Education/Business Administration,FALSE,Semua,FALSE,FALSE,FALSE,None,FALSE,None,2,TRUE,FALSE,TRUE,TRUE,FALSE,SMA-Sarjana
Sylvester Taylor Invictus Hospitality Scholarship,Think Outside The World LLC,3000,39000000,0,Publik,Any,FALSE,Semua,FALSE,FALSE,FALSE,None,FALSE,Hospitality Industry/Food Service,3,TRUE,TRUE,TRUE,TRUE,TRUE,SMP-SMA-Sarjana-Fresh graduate
Anti-Racism Daily Scholarship,Bold,1000,13000000,0,Publik,Any,FALSE,Semua,FALSE,FALSE,FALSE,None,FALSE,None,1,FALSE,TRUE,TRUE,TRUE,TRUE,SMP-SMA-Sarjana-Fresh graduate
I Matter Scholarship,The O'Neal Family,2100,27300000,0,Publik,Any,FALSE,Semua,FALSE,FALSE,FALSE,None,TRUE,Low-income,2,TRUE,TRUE,TRUE,FALSE,FALSE,SMP-SMA
Jack Fluxare Hytner Memorial Scholarship,Steven Hullander,1000,13000000,0,Publik,Computer Science/Video Game Design and Production,FALSE,Semua,FALSE,FALSE,FALSE,None,FALSE,None,1,TRUE,FALSE,TRUE,TRUE,FALSE,SMA-Sarjana
Ray W Bausick Green Industry Memorial Scholarship,Kevin Koss,15000,195000000,2.7,Publik,Landscape Architecture/Agronomics/Turf Management,TRUE,Semua,FALSE,FALSE,FALSE,None,FALSE,None,3,TRUE,FALSE,TRUE,TRUE,FALSE,SMA-Sarjana
Margaret E. Lucas Full-Blooded Wolfpack Memorial Scholarship,Anonymous,13500,175500000,0,Publik,Special Education,FALSE,Semua,FALSE,FALSE,FALSE,None,FALSE,North Carolina State University student,2,TRUE,FALSE,FALSE,TRUE,FALSE,Sarjana
Emma Jane Hastie Scholarship,Zenobia Hastie,1000,13000000,0,Publik,Medicine/Counseling/Military/Hospitality/Municipal Work,FALSE,Semua,FALSE,TRUE,FALSE,None,FALSE,Volunteering/Community Service,1,TRUE,FALSE,FALSE,TRUE,FALSE,Sarjana
Tammy Needham Memorial Scholarship,Follum Hydrologic Solutions LLC,1000,13000000,0,Publik,STEM/Education,FALSE,Semua,FALSE,FALSE,FALSE,None,FALSE,None,1,TRUE,FALSE,TRUE,TRUE,FALSE,SMA-Sarjana
Cazares Family Trade Scholarship,Cazares,1500,19500000,0,Publik,Trade School,FALSE,Semua,FALSE,FALSE,FALSE,None,FALSE,None,1,TRUE,FALSE,TRUE,FALSE,FALSE,SMA
Community Pride Scholarship,Jeremy Russeau,600,7800000,0,Publik,Any,FALSE,LGBTQIA+,FALSE,TRUE,FALSE,None,FALSE,Volunteering/Public Service,1,TRUE,FALSE,TRUE,FALSE,FALSE,SMA
Coffee and Crypto Scholarship,Bold,1000,13000000,0,Publik,Any,FALSE,Semua,FALSE,FALSE,FALSE,None,FALSE,None,1,FALSE,TRUE,TRUE,TRUE,TRUE,SMP-SMA-Sarjana-Fresh graduate
Joseph C. Lowe Memorial Scholarship,Lowe Family,2500,32500000,0,Publik,History,FALSE,Semua,FALSE,TRUE,FALSE,None,FALSE,Volunteering/Community Service,1,TRUE,FALSE,TRUE,TRUE,FALSE,SMA-Sarjana
Coleman for Patriots Scholarship,Nolan Coleman,500,6500000,3.0,Publik,Any,TRUE,Semua,FALSE,TRUE,FALSE,None,FALSE,Volunteering,1,TRUE,TRUE,TRUE,TRUE,TRUE,SMP-SMA-Sarjana-Fresh graduate
Valiyah Young Scholarship,Valiyah Young,500,6500000,3.0,Publik,Any,TRUE,Semua,FALSE,FALSE,FALSE,None,FALSE,None,1,TRUE,FALSE,TRUE,TRUE,FALSE,SMA-Sarjana
Evan James Vaillancourt Memorial Scholarship,Vaillancourt,1200,15600000,3.0,Publik,Nursing,TRUE,Semua,FALSE,TRUE,FALSE,None,FALSE,Volunteering/Community Service,1,TRUE,FALSE,TRUE,FALSE,FALSE,SMA
Female Musician Scholarship,Anonymous Donor,20000,260000000,3.0,Publik,Any,TRUE,Semua,FALSE,FALSE,FALSE,None,FALSE,Has contributed to the musical arts band or chorus or orchestra,1,TRUE,TRUE,TRUE,TRUE,FALSE,SMP-SMA-Sarjana
Textbooks and Tatami Martial Arts Scholarship,Ben Bullock,1000,13000000,3.0,Publik,Sport Martial Arts,TRUE,Semua,FALSE,FALSE,FALSE,None,FALSE,None,1,TRUE,TRUE,TRUE,TRUE,FALSE,SMP-SMA-Sarjana
Betsy V Brown Veterinary Scholarship,Viersen-Brown Family,7500,97500000,0,Publik,Veterinary,FALSE,Semua,FALSE,FALSE,FALSE,None,FALSE,None,5,TRUE,FALSE,FALSE,FALSE,TRUE,Fresh graduate
Mo Lottie Simons BELIEVE Scholarship,Wider,500,6500000,3.0,Publik,Any,TRUE,Semua,FALSE,FALSE,FALSE,None,FALSE,Community Service,1,TRUE,FALSE,TRUE,TRUE,FALSE,SMA-Sarjana
Ward AEC Scholarship,Anonymous Donor,1000,13000000,0,Publik,Architecture/Engineering/Connstruction,FALSE,Semua,FALSE,FALSE,FALSE,None,FALSE,None,1,TRUE,FALSE,TRUE,TRUE,FALSE,SMA-Sarjana
Ginny Biada Memorial Scholarship,The Biada Family,1500,19500000,0,Publik,Any,FALSE,Semua,FALSE,TRUE,FALSE,None,FALSE,Volunteering,1,TRUE,FALSE,FALSE,TRUE,FALSE,Sarjana
Philippe Forton Scholarship,The Forton and Hart Families,2500,32500000,0,Publik,Nursing,FALSE,Semua,FALSE,FALSE,FALSE,None,FALSE,None,1,TRUE,FALSE,TRUE,FALSE,FALSE,SMA
Spencer Otteson Memorial Scholarship,Jerad Otteson,1000,13000000,0,Publik,Education,FALSE,Semua,FALSE,FALSE,FALSE,None,FALSE,None,1,TRUE,FALSE,TRUE,TRUE,FALSE,SMA-Sarjana
Paige's Promise Scholarship,Paige's Promise,500,6500000,0,Publik,Any,FALSE,Semua,FALSE,FALSE,FALSE,None,FALSE,Working to support the problem of substance abuse,1,TRUE,TRUE,TRUE,TRUE,FALSE,SMP-SMA-Sarjana
Martha Mitchell Truth Scholarship,Martha Mitchell House and Foundation Inc,2050,26650000,0,Publik,Preserving Civil Liberties,FALSE,Semua,FALSE,TRUE,FALSE,None,FALSE,Volunteering,1,TRUE,FALSE,FALSE,TRUE,TRUE,Sarjana-Fresh graduate
GD Sandeford Memorial Scholarship,Sandeford Family,3000,39000000,2.75,Publik,Any,TRUE,Semua,FALSE,TRUE,TRUE,None,FALSE,Volunteering/First-generation,3,TRUE,FALSE,FALSE,TRUE,FALSE,Sarjana
Julia Elizabeth Legacy Scholarship,Cedric Scott Jr,1065,13845000,0,Publik,STEM,FALSE,Semua,FALSE,FALSE,FALSE,None,FALSE,None,1,TRUE,TRUE,TRUE,FALSE,FALSE,SMP-SMA
Richard Dunk Matthews II Scholarship,Richard Dunk Matthews II Welding Scholarship,1500,19500000,0,Publik,Trades,FALSE,Semua,FALSE,FALSE,FALSE,None,FALSE,None,3,TRUE,FALSE,TRUE,FALSE,FALSE,SMA
Mark Suren Melkonian Memorial Scholarship,Bryce Hovannisian,1000,13000000,0,Publik,Agriculture,FALSE,Semua,FALSE,FALSE,FALSE,None,FALSE,None,1,TRUE,FALSE,TRUE,FALSE,FALSE,SMA
JADED Recovery Scholarship,Damon and Julia Click,7000,91000000,0,Publik,Any,FALSE,Semua,FALSE,FALSE,FALSE,None,FALSE,Experienced drug or alcohol addiction,2,TRUE,TRUE,TRUE,TRUE,FALSE,SMP-SMA-Sarjana
Norma's Nursing Education Scholarship,Lee Lowicki,5000,65000000,0,Publik,Nursing,FALSE,Semua,FALSE,FALSE,FALSE,None,FALSE,None,1,TRUE,FALSE,FALSE,TRUE,TRUE,Sarjana-Fresh graduate
28 Days of Black History Scholarship,Bold,1000,13000000,0,Publik,Any,FALSE,Semua,FALSE,FALSE,FALSE,None,FALSE,None,1,FALSE,TRUE,TRUE,TRUE,TRUE,SMP-SMA-Sarjana-Fresh graduate
PSIVision Youths Pursuing Behavioral Studies Scholarship,Sarah Michel,500,6500000,0,Publik,Behavioral studies,FALSE,Semua,FALSE,FALSE,FALSE,None,FALSE,None,1,TRUE,TRUE,TRUE,FALSE,FALSE,SMP-SMA
Marilyn J. Palmer Memorial,Palmer,500,6500000,0,Publik,Trade/Vocational,FALSE,Semua,FALSE,FALSE,FALSE,None,FALSE,None,1,TRUE,FALSE,TRUE,TRUE,FALSE,SMA-Sarjana
J.R. McMasters Memorial Scholarship,Breanna McMasters,2000,26000000,3.4,Publik,Law Inforcement,TRUE,Semua,FALSE,FALSE,FALSE,None,FALSE,None,2,TRUE,FALSE,TRUE,FALSE,FALSE,SMA
Pamela Branchini Memorial Scholarship,Dan Branchini Bruce Ewing Barbara Bell and the Glitter Team,2000,26000000,0,Publik,Fine Arts,FALSE,Semua,FALSE,FALSE,FALSE,None,FALSE,None,2,TRUE,TRUE,TRUE,TRUE,TRUE,SMP-SMA-Sarjana-Fresh graduate
Jessie Koci Future Entrepreneurs Scholarship,Koci Family,1000,13000000,0,Publik,Any,FALSE,Semua,FALSE,FALSE,FALSE,None,FALSE,Pursuing future entrepreneur,1,TRUE,FALSE,TRUE,TRUE,FALSE,SMA-Sarjana
Russell Koci Skilled Trade Scholarship,Koci Family,1075,13975000,0,Publik,Trade,FALSE,Semua,FALSE,FALSE,FALSE,None,FALSE,None,1,TRUE,FALSE,TRUE,TRUE,FALSE,SMA-Sarjana
In My Mother's Name Scholarship,Intention Enterprises LLC,500,6500000,0,Publik,Nursing,FALSE,Semua,FALSE,FALSE,FALSE,None,FALSE,None,1,TRUE,FALSE,FALSE,TRUE,TRUE,Sarjana-Fresh graduate
Sean Flynn Memorial Scholarship,Sean Flynn Foundation,500,6500000,0,Publik,Any,FALSE,Semua,FALSE,FALSE,FALSE,None,FALSE,None,1,TRUE,TRUE,TRUE,FALSE,FALSE,SMP-SMA
Glenda W. Brennan Good Works Memorial Scholarship,Daniel Brennan,1000,13000000,0,Publik,Travel Industry,FALSE,Semua,FALSE,FALSE,FALSE,None,FALSE,Gives back to the community,2,TRUE,TRUE,TRUE,TRUE,FALSE,SMP-SMA-Sarjana
Rev Herman A. Martin Memorial Scholarship,Chauncey Jones,1000,13000000,3.0,Publik,Any,TRUE,Semua,FALSE,FALSE,FALSE,None,FALSE,None,2,TRUE,FALSE,TRUE,FALSE,FALSE,SMA
Kynnedy Simone I Am The Dream Scholarship,Kynnedy Smith,500,6500000,2.5,Publik,Any,TRUE,Semua,FALSE,TRUE,FALSE,None,FALSE,Volunteering/Community Service,1,TRUE,FALSE,TRUE,FALSE,FALSE,SMA
Nicholas Hamlin Tennis Memorial Scholarship,Nicholas Hamlin,1000,13000000,0,Publik,Sport Tennis,FALSE,Semua,FALSE,FALSE,FALSE,None,FALSE,None,2,TRUE,TRUE,TRUE,FALSE,FALSE,SMP-SMA
Alcide Thomas Jr. Scholarship,Thomas Family,1320,17160000,2.0,Publik,Any,TRUE,Semua,FALSE,FALSE,FALSE,None,FALSE,None,2,TRUE,TRUE,TRUE,FALSE,FALSE,SMP-SMA
Law Family Single Parent Scholarship,Law,10000,130000000,0,Publik,Any,FALSE,Semua,FALSE,FALSE,FALSE,Single parent,FALSE,Single parent,2,TRUE,TRUE,TRUE,TRUE,TRUE,SMP-SMA-Sarjana-Fresh graduate
PAC: Diversity Matters Scholarship,Physician Assistants of Color Inc,5000,65000000,0,Publik,Physician Assistant,FALSE,Semua,FALSE,FALSE,FALSE,None,FALSE,None,5,TRUE,FALSE,FALSE,TRUE,TRUE,Sarjana-Fresh graduate
iMatter Ministry Memorial Scholarship,Davis Realty LLC,2000,26000000,0,Publik,Any,FALSE,Semua,FALSE,FALSE,FALSE,None,FALSE,None,2,TRUE,FALSE,TRUE,FALSE,FALSE,SMA
Ken Burnett Scholarship,Burnett,2000,26000000,0,Publik,Animal Science/Zoology/Biology,FALSE,Semua,FALSE,FALSE,FALSE,None,FALSE,Animal advocacy or care,1,TRUE,FALSE,TRUE,TRUE,FALSE,SMA-Sarjana
Mark Caldwell Memorial STEM/STEAM Scholarship,Rick Caldwell,1000,13000000,3.0,Publik,STEM/STEAM,TRUE,Semua,FALSE,FALSE,TRUE,None,FALSE,First-generation,1,TRUE,TRUE,TRUE,FALSE,FALSE,SMP-SMA
Tim Gjoraas Science and Education Scholarship,Gjoraas,1000,13000000,0,Publik,Education/Science,FALSE,Semua,FALSE,FALSE,FALSE,None,FALSE,None,1,TRUE,TRUE,TRUE,TRUE,FALSE,SMP-SMA-Sarjana
Miguel Mendez Social Justice Scholarship,Nancy Roberts,500,6500000,3.0,Publik,Social Justice,TRUE,Semua,FALSE,FALSE,TRUE,None,TRUE,First-generation/Low-income,1,TRUE,FALSE,FALSE,TRUE,FALSE,Sarjana
MedLuxe Reoresentation Matters Scholarship,MEDLUXE LLC,1000,13000000,0,Publik,Healthcare,FALSE,Semua,FALSE,FALSE,FALSE,None,FALSE,None,2,TRUE,TRUE,TRUE,TRUE,FALSE,SMP-SMA-Sarjana
Kerry Kennedy Life is Good Scholarship,Amy Wise,1000,13000000,0,Publik,Education/Public Service/Social Work,FALSE,Perempuan,FALSE,FALSE,FALSE,None,FALSE,None,1,TRUE,TRUE,TRUE,TRUE,FALSE,SMP-SMA-Sarjana
Go Blue Crew Scholarship,Brian Thelen,500,6500000,3.5,Katolik,Any,TRUE,Semua,FALSE,FALSE,FALSE,None,FALSE,Hudson or Saginaw Nouvel Catholic or South Lyon High School student,1,TRUE,TRUE,TRUE,FALSE,FALSE,SMP-SMA
Stephen R. Boardman Memorial Scholarship,Anonymous Donor,2500,32500000,0,Publik,Any,FALSE,Semua,FALSE,FALSE,TRUE,None,FALSE,First-generation,1,TRUE,FALSE,FALSE,TRUE,FALSE,Sarjana
Promising Pathways - Hearing Impairment Scholarship,Seamone Family,2000,26000000,0,Publik,Any,FALSE,Semua,FALSE,FALSE,FALSE,None,FALSE,Wears hearing aid or cochlear implants to assist with hearing,1,TRUE,FALSE,FALSE,TRUE,FALSE,Sarjana
Promising Pathways - Single Parent Scholarship,Seamone Family,2000,26000000,0,Publik,Any,FALSE,Semua,FALSE,FALSE,FALSE,Single parent,TRUE,Low-income/Single parent,1,TRUE,FALSE,FALSE,TRUE,FALSE,Sarjana
Saswati Gupta Cancer Research Scholarship,Sreya Sanyal,2000,26000000,0,Publik,Medicine/Biology,FALSE,Perempuan,FALSE,FALSE,FALSE,None,FALSE,None,2,TRUE,FALSE,FALSE,TRUE,TRUE,Sarjana-Fresh graduate
Patrick Stanley Memorial Scholarship,The Stanley Family,1500,19500000,0,Publik,STEAM,FALSE,Semua,FALSE,FALSE,FALSE,None,FALSE,Non-traditional student/ more than 25 years old,2,TRUE,FALSE,FALSE,TRUE,TRUE,Sarjana-Fresh graduate
523 Sean Felkins Scholarship,Boltz Foundation,5000,65000000,0,Publik,Sport Wrestling,FALSE,Semua,FALSE,FALSE,FALSE,None,FALSE,None,2,TRUE,TRUE,TRUE,FALSE,FALSE,SMP-SMA
Gary G Goldstein Scholarship,Goldstein,2000,26000000,0,Publik,Any,FALSE,Semua,FALSE,FALSE,FALSE,None,FALSE,None,2,TRUE,TRUE,TRUE,FALSE,FALSE,SMP-SMA
Jose Montanez Memorial Scholarship,The Berndt Family,1000,13000000,0,Publik,Foster care system/Music/Arts,FALSE,Semua,FALSE,FALSE,FALSE,None,FALSE,None,1,TRUE,FALSE,TRUE,FALSE,FALSE,SMA
PJC Memorial Scholarship,Cavanaugh Family,650,8450000,3.0,Publik,Marketing/Business,TRUE,Semua,FALSE,FALSE,FALSE,None,FALSE,None,1,TRUE,FALSE,FALSE,TRUE,FALSE,Sarjana
DeAmontay's Darkness Deliverance Scholarship,Calvin Oberlin,500,6500000,0,Publik,Any,FALSE,Semua,FALSE,FALSE,FALSE,None,FALSE,Athlete,1,TRUE,FALSE,TRUE,TRUE,FALSE,SMA-Sarjana
CHS Scholarship,Chattahoochee High School Alumni,1800,23400000,0,Publik,Any,FALSE,Semua,FALSE,FALSE,FALSE,None,FALSE,Chattahoochee High School student,2,TRUE,TRUE,TRUE,FALSE,FALSE,SMP-SMA
Amelia Michelle Sanford LGBTQIA+ Memorial Scholarship,Sanford Family,2500,32500000,0,Publik,Any,FALSE,LGBTQIA+,FALSE,FALSE,FALSE,None,FALSE,Played a sport,1,TRUE,FALSE,TRUE,FALSE,FALSE,SMA
Bros for Good Scholarship,Bros for good,500,6500000,0,Publik,Any,FALSE,Semua,FALSE,TRUE,FALSE,None,FALSE,Volunteering/Community Service,1,TRUE,TRUE,TRUE,FALSE,FALSE,SMP-SMA
Verve Arts Scholarship,Verve Educational Consulting,1220,15860000,0,Publik,Arts,FALSE,Semua,FALSE,FALSE,FALSE,None,FALSE,None,1,TRUE,FALSE,TRUE,TRUE,FALSE,SMA-Sarjana
GrowingWithGabby National Scholarship Month TikTok Scholarship,Gabriella Carter,500,6500000,0,Publik,Any,FALSE,Semua,FALSE,FALSE,FALSE,None,FALSE,None,1,FALSE,TRUE,TRUE,TRUE,TRUE,SMP-SMA-Sarjana-Fresh graduate
Hispanic Climb to Success Scholarship,Tirado Family,2000,26000000,0,Publik,Any,FALSE,Semua,FALSE,FALSE,FALSE,None,TRUE,Low-income,2,TRUE,FALSE,TRUE,FALSE,FALSE,SMA
Skin Grip Diabetes Scholarship,Skin Grip,27600,358800000,0,Publik,Any,FALSE,Semua,FALSE,FALSE,FALSE,None,FALSE,Has diabetes,25,TRUE,TRUE,TRUE,TRUE,TRUE,SMP-SMA-Sarjana-Fresh graduate
Hearts on Sleeves Minds in College Scholarship,Payal Mehta,1000,13000000,3.0,Publik,Any,TRUE,Semua,FALSE,FALSE,FALSE,None,TRUE,Low-income,2,TRUE,FALSE,TRUE,TRUE,FALSE,SMA-Sarjana
Julia Baucom Children of Families with Parkinson's Disease Scholarship,Julia BAUCOM,5000,65000000,3.0,Publik,Any,TRUE,Semua,FALSE,FALSE,FALSE,None,FALSE,Parkinson's experience direct or indirect,1,TRUE,FALSE,TRUE,TRUE,FALSE,SMA-Sarjana
Larry Darnell Green Scholarship,Gloria Green,750,9750000,0,Publik,Any,FALSE,Semua,FALSE,FALSE,FALSE,Keluarga single parent,FALSE,Single parent/Child of single parent,1,TRUE,FALSE,TRUE,TRUE,FALSE,SMA-Sarjana
Loxy Burckhard Love is Kind Memorial Scholarship,Webb Family,5000,65000000,0,Publik,Any,FALSE,Semua,FALSE,FALSE,FALSE,None,FALSE,None,5,TRUE,FALSE,TRUE,FALSE,FALSE,SMA
Keri Sohlman Memorial Scholarship,Matthew Mingle,1500,19500000,0,Publik,Mental Health/Education,FALSE,Semua,FALSE,FALSE,FALSE,None,FALSE,None,2,TRUE,FALSE,TRUE,FALSE,FALSE,SMA
Electronic Shark Scholarship,Shark Shark,500,6500000,0,Publik,Engineering,FALSE,Semua,FALSE,FALSE,FALSE,None,TRUE,Low-income,1,TRUE,FALSE,FALSE,TRUE,FALSE,Sarjana
James Lynn Baker II BeACoffeeBean Scholarship,The Good Samaritan at the Baker Estate,10000,130000000,0,Publik,Any,FALSE,Semua,FALSE,TRUE,FALSE,None,FALSE,Volunteering,1,TRUE,FALSE,TRUE,TRUE,FALSE,SMA-Sarjana
Scholar Dudes in Computer Science Scholarship,Golden Diploma LLC,1000,13000000,0,Publik,Computer Science,FALSE,Semua,FALSE,FALSE,FALSE,None,FALSE,None,2,TRUE,FALSE,FALSE,TRUE,FALSE,Sarjana
Captain Clay Layne Memorial COLE Scholarship,Ella & Mellissa Collins,1000,13000000,0,Publik,Any,FALSE,Semua,FALSE,FALSE,FALSE,None,FALSE,Child of a law enforcement officer,1,TRUE,TRUE,TRUE,TRUE,FALSE,SMP-SMA-Sarjana
Chronic Boss Scholarship,Chronic Boss Collective,10000,130000000,0,Publik,Any,FALSE,Perempuan,FALSE,FALSE,FALSE,None,FALSE,One or more autoimmune conditions,10,TRUE,TRUE,TRUE,TRUE,TRUE,SMP-SMA-Sarjana-Fresh graduate
Special Delivery of Dreams Scholarship,Rocky Mountain Philatelic Library,5000,65000000,0,Publik,Any,FALSE,Semua,FALSE,FALSE,FALSE,None,FALSE,None,2,TRUE,FALSE,FALSE,TRUE,FALSE,Sarjana
Rick Levin Memorial Scholarship,The Friends and Family of Rick Levin,4500,58500000,0,Publik,Any,FALSE,Semua,FALSE,FALSE,FALSE,None,FALSE,Participation in a speacial education program,1,TRUE,FALSE,TRUE,FALSE,FALSE,SMA
Accounting for Change Scholarship,Brady Nikolas,2000,26000000,3.0,Publik,Any,TRUE,Semua,FALSE,FALSE,FALSE,None,FALSE,None,2,TRUE,TRUE,TRUE,TRUE,FALSE,SMP-SMA-Sarjana
West Pullman Scholarship,Friends & Family,4000,52000000,0,Publik,English/Theater/Playwriting,FALSE,Semua,FALSE,FALSE,FALSE,None,FALSE,None,1,TRUE,TRUE,TRUE,TRUE,TRUE,SMP-SMA-Sarjana-Fresh graduate
Pro-Life Advocates Scholarship,Avila,500,6500000,0,Publik,Any,FALSE,Semua,FALSE,FALSE,FALSE,None,FALSE,None,1,TRUE,FALSE,TRUE,TRUE,FALSE,SMA-Sarjana
Bright Lights Scholarship,Bria Alexander,1000,13000000,0,Publik,Any,FALSE,Semua,TRUE,FALSE,TRUE,None,FALSE,First-generation,2,TRUE,TRUE,TRUE,TRUE,FALSE,SMP-SMA-Sarjana
American Dream Scholarship,Charleen Cabay,1000,13000000,0,Publik,Any,FALSE,Semua,FALSE,TRUE,FALSE,None,FALSE,Volunteering/Community Service,1,TRUE,TRUE,TRUE,TRUE,TRUE,SMP-SMA-Sarjana-Fresh graduate
Nasser Seconi Scholarship Fund,Darrick Seconi,3000,39000000,3.0,Publik,Any,TRUE,Semua,FALSE,FALSE,FALSE,None,FALSE,Soccer experience,3,TRUE,FALSE,TRUE,FALSE,FALSE,SMA