scholarship_program_name,promoter,funds_in_rupiah,gpa,religion,gpa_status,identity,underrepresented_minority,volunteering,first_generation,parental_status,total_awardee,essay,SMP-SMA,SMA,Sarjana,SMP-SMA-Sarjana,SMA-Sarjana,Sarjana-Fresh Graduate,Fresh Graduate,SMP-SMA-Sarjana-Fresh Graduate,education_level
Curry & C/O '22 Scholarship,Kimora Jane Curry,0.015151515151515152,0.0,3,0,2,0,0,0,3,0,1,0,1,0,0,0,0,0,0,1
Jared Ethan Trueba Memorial Scholarship,The Trueba Family,0.015151515151515152,0.0,3,0,2,0,0,0,3,0,1,1,0,0,0,0,0,0,0,3
Linda Hicks Memorial Scholarship,Calvin Hicks and Tanya Minor,0.030303030303030304,0.0,3,0,2,0,0,0,3,0,1,0,0,1,0,0,0,0,0,6
Nitro No-Essay Scholarship,Nitro College,0.06060606060606061,0.0,3,0,2,0,0,0,3,0,0,0,0,0,0,0,0,0,1,5
Niche No-Essay Scholarship,Niche,0.06060606060606061,0.0,3,0,2,0,0,0,3,0,0,0,0,0,0,0,0,0,1,5
ScholarshipOwl No-Essay Scholarship,ScholarshipOwl,0.030303030303030304,0.0,3,0,2,0,0,0,3,3,0,0,0,0,0,0,0,0,1,5
CollegeVine $2000 No-Essay Scholarship,CollegeVine,0.06060606060606061,0.0,3,0,2,0,0,0,3,1,0,0,0,0,0,0,0,0,1,5
Patrick B.Moore Memorial Scholarship,Friends and Family of Patrick B. Moore,0.015151515151515152,0.0,3,0,2,0,0,0,3,0,1,1,0,0,0,0,0,0,0,3
CampusReel $2000 No-Essay Sweepstakes,CampusReel,0.06060606060606061,0.0,3,0,2,0,0,0,3,1,0,0,0,0,0,0,0,0,1,5
Diane Amendt Memorial Scholarship for the Arts,Swift,0.030303030303030304,0.0,3,0,2,0,0,0,3,0,1,0,0,0,0,0,0,0,1,5
Richard P. Mullen Memorial Scholarship,John Baptista,0.015151515151515152,0.0,3,0,2,0,0,0,3,0,1,0,0,0,0,0,0,0,1,5
Craig Huffman Memorial Scholarship,Huffman Family,0.06060606060606061,0.0,3,0,2,0,0,0,3,0,1,0,0,0,0,0,0,0,1,5
"Across Cultures ""Expand Your Horizons"" Scholarship",Ben Schneider,0.030303030303030304,0.0,3,0,2,0,0,0,3,0,1,0,0,0,0,0,0,0,1,5
Growing Up in the Family Restaurant Business Scholarship,The Lam-Wong,0.06060606060606061,0.0,3,0,2,0,0,1,3,0,1,0,0,0,0,1,0,0,0,2
GojiCenter Animation Scholarship,GojiCenter,0.06060606060606061,0.0,3,0,2,0,0,0,3,1,1,0,0,0,1,0,0,0,0,4
Korean Men and Women Scholarship,Sihyeon Yu,0.015151515151515152,3.0,3,1,2,0,0,0,3,0,1,0,0,0,1,0,0,0,0,4
Elevate Women in Technology Scholarship,Calvin Rosser,0.015151515151515152,0.0,3,0,2,0,0,0,3,0,1,0,0,0,0,0,0,0,1,5
Elevate Mental Health Awareness Scholarship,Calvin Rosser,0.015151515151515152,0.0,3,0,2,0,0,0,3,0,1,0,0,0,0,0,0,0,1,5
Be the Change Essay Scholarship,Paris Dimick,0.030303030303030304,3.3,3,1,2,0,1,0,3,1,1,0,0,1,0,0,0,0,0,6
Sharen and Mila Kohute Scholarship,Kohute Family,0.06060606060606061,0.0,3,0,2,0,0,1,3,1,1,0,0,0,1,0,0,0,0,4
Al-Haj Abdallah R Abdallah Muslim Scholarship,Abdallah,0.030303030303030304,3.0,0,1,2,0,0,0,3,0,1,0,0,0,0,0,0,0,1,5
"Jason L. Berry ""Art Is Life!"" Scholarship",Roberta Berry,0.017424242424242425,0.0,3,0,2,0,1,0,3,0,1,0,0,1,0,0,0,0,0,6
ScholarshipOwl No-Essay Scholarship,Bold,0.015151515151515152,0.0,3,0,2,0,0,0,3,0,0,0,0,0,0,0,0,0,1,5
Brown Skin Agenda Aesthetics & Cosmetology Scholarship,Vitality Institute,0.30303030303030304,0.0,3,0,2,0,0,0,3,0,1,0,0,0,0,0,0,0,1,5
Appalachian Region Vocational Scholarship,Daelyn Chaney,0.030303030303030304,0.0,3,0,2,0,0,1,3,0,1,0,0,0,1,0,0,0,0,4
Heroes in High School Resilience Scholarship,Anthony Tran,0.024242424242424242,3.0,3,1,2,0,0,1,3,0,1,0,1,0,0,0,0,0,0,1
Cyrilla Olapeju Sanni Scholarship Fund,Cyrilla Olapeju Sanni Scholarship Fund,0.030303030303030304,3.0,3,1,2,0,0,0,3,1,1,0,0,0,0,0,0,0,1,5
"Richard ""88 Fingers"" Turner Jr. Music Scholarship",Tiffanie Turner,0.030303030303030304,0.0,3,0,2,0,0,0,3,0,1,0,0,1,0,0,0,0,0,6
Cardel Love Scholarship,Waynika Hall,0.015151515151515152,0.0,3,0,2,0,0,1,3,0,1,0,1,0,0,0,0,0,0,1
CEW IV Foundation Scholarship Program,Clyde E. Woodroffe IV Foundation,0.015151515151515152,3.0,3,1,2,0,0,0,3,0,1,0,0,0,1,0,0,0,0,4
Judy Fowler Memorial Scholarship,Fowler Family,0.02727272727272727,0.0,3,0,2,0,0,0,3,0,1,1,0,0,0,0,0,0,0,3
Jacob Naumann Memorial Scholarship,Naumann Family,0.030303030303030304,0.0,3,0,2,0,0,0,3,0,1,0,0,0,0,0,0,0,1,5
Creative Arts Scholarship,The Studio LLC,0.09090909090909091,0.0,3,0,2,0,0,0,3,1,1,0,0,0,1,0,0,0,0,4
Team Crosby Forever Veterinary Medicine Scholarship,Dennis Narlock,0.015151515151515152,0.0,3,0,2,0,0,0,3,0,1,0,0,0,0,0,1,0,0,7
Kelly O. Memorial Nursing Scholarship,Kate Smith,0.10606060606060606,0.0,3,0,2,0,0,0,3,0,1,0,0,0,0,0,0,0,1,5
FocusIT's Women in IT Scholarship,focusIT,0.15151515151515152,0.0,3,0,2,0,0,0,3,0,1,0,0,1,0,0,0,0,0,6
Dark and Light Scholarship,Waynika Hall,0.015151515151515152,0.0,3,0,2,0,0,1,3,0,1,0,1,0,0,0,0,0,0,1
Bernard W. Creque III Scholarship,Creque,0.07575757575757576,0.0,3,0,2,0,0,0,3,4,1,0,0,0,0,1,0,0,0,2
Dylan's Journey Memorial Scholarship,Dylan Prosser,0.030303030303030304,0.0,3,0,2,0,0,0,3,0,1,0,0,0,0,0,0,0,1,5
Rose Browne Memorial Scholarship for Nursing,Marie Browne-Lileika & Meredith Jose,0.015151515151515152,0.0,3,0,2,0,0,0,3,0,1,0,0,0,0,0,1,0,0,7
Joseph A. Venuti Marine Science & Conservation Scholarship,Boston Reefers Society,0.30303030303030304,0.0,3,0,2,0,0,0,3,1,1,0,0,0,0,0,0,0,1,5
Boundless Scholarship,Griffin Furlong,0.06060606060606061,3.0,3,1,2,0,0,0,3,1,1,0,1,0,0,0,0,0,0,1
Maureen C. Pace Memorial Nursing Scholarship,The Pace Family,0.06060606060606061,3.0,3,1,2,0,0,0,3,0,1,0,0,0,0,0,0,0,1,5
Joshua A. Vaughn Memorial Scholarship,Jared Burton,0.015151515151515152,0.0,3,0,2,0,0,0,3,0,1,0,0,1,0,0,0,0,0,6
Wieland Nurse Application Scholarship,Wieland Healthcare,0.07575757575757576,0.0,3,0,2,0,0,0,3,0,1,0,0,0,0,0,0,0,1,5
I Can Do Anything Scholarship,The Scholarship Collective,0.030303030303030304,0.0,3,0,2,0,0,0,3,1,1,0,0,0,0,0,0,0,1,5
Samuel D. Hartley Memorial Scholarship,Hartley Family,0.015151515151515152,3.0,3,1,2,0,0,0,3,0,1,0,0,0,0,0,0,0,1,5
Johnna's Legacy Memorial Scholarship,Living Chronic Faith,0.015151515151515152,0.0,3,0,2,0,0,0,3,0,1,0,0,0,0,0,0,0,1,5
Academic Liberty & Free Speech Scholarship,Gregory Price,0.045454545454545456,0.0,3,0,2,0,0,0,3,2,1,0,0,1,0,0,0,0,0,6
Justice Adolpho A. Birch Jr. Scholarship,John Ferguson III (Trey),0.15151515151515152,0.0,3,0,2,0,0,0,3,0,1,0,0,0,0,0,1,0,0,7
Trever David Clark Memorial Scholarship,The Dawson-Clark Family,0.26515151515151514,0.0,3,0,2,0,0,0,3,5,1,0,0,0,0,0,0,0,1,5
Stafford R. Ultsch Legacy Scholarship,Ultsch Family,0.03787878787878788,0.0,3,0,2,0,0,0,3,0,1,1,0,0,0,0,0,0,0,3
Texas Women Empowerment,Pruett Family,0.18181818181818182,3.0,3,1,2,0,0,0,3,2,1,0,0,0,0,0,0,0,1,5
Endeavor Design Scholarship,Thom Gridley,0.05651515151515152,0.0,3,0,2,0,0,0,3,0,0,0,1,0,0,0,0,0,0,1
Ruth Hazel Scruggs King Scholarship,Run With Me Inc,0.06060606060606061,3.0,3,1,2,0,1,0,3,3,1,0,1,0,0,0,0,0,0,1
Vickie Drum Memorial Scholarship,David Cline,0.045454545454545456,3.0,3,1,1,0,0,0,5,0,1,0,0,1,0,0,0,0,0,6
International Studies Scholarship,Gregory Price,0.07575757575757576,0.0,3,0,2,0,0,0,3,2,1,0,0,0,0,0,0,0,1,5
Mrs. Yvonne L. Moss Scholarship,Marcus and Veronica Lockhart,0.07575757575757576,0.0,3,0,2,0,0,0,3,0,1,0,1,0,0,0,0,0,0,1
Kate Szuberla Jauch Scholarship,Kathleen Gravelle,0.4103030303030303,0.0,3,0,2,0,0,0,3,1,1,0,0,0,0,1,0,0,0,2
Taylor Swift 1989 Scholarship,Bold,0.06027272727272727,0.0,3,0,2,0,0,0,3,0,1,0,0,0,0,0,0,0,1,5
La Santana Scholarship,Mango Street Dreaming,0.01575757575757576,0.0,3,0,2,0,0,0,3,0,1,0,0,0,1,0,0,0,0,4
Dr. Rajesh Aggarwal Scholarship for Scientific Studies,The Aggarwal Family,0.09090909090909091,3.0,3,1,2,0,0,0,3,2,1,1,0,0,0,0,0,0,0,3
Frank W. Steward Memorial Scholarship,Dr. Franshea Vandross,0.015151515151515152,3.0,3,1,2,0,1,0,3,0,1,0,1,0,0,0,0,0,0,1
Douglass M. Hamilton Memorial Scholarship,Michael Hamilton,0.45454545454545453,0.0,3,0,2,0,0,0,3,1,1,0,0,0,0,0,0,0,1,5
Anthony McPherson Memorial Automotive Scholarship,Denese McPherson,0.05454545454545454,0.0,3,0,2,0,0,0,3,0,1,0,0,0,1,0,0,0,0,4
GIST College Sports Scholarship,Bold,0.030303030303030304,0.0,3,0,2,0,0,0,3,0,0,0,0,0,0,0,0,0,1,5
Harvey and Geneva Mabry Second Time Around Scholarship,April Mabry,0.015151515151515152,0.0,3,0,2,0,0,0,3,1,1,0,0,1,0,0,0,0,0,6
Macklin-McDowell Scholarship,Cheryl Berry,0.18787878787878787,0.0,3,0,2,0,0,0,3,1,1,0,0,1,0,0,0,0,0,6
Humanize LLC Gives in Honor of Shirley Kelley Scholarship,Humanize LLC,0.01818181818181818,0.0,3,0,2,1,0,0,4,0,1,0,0,0,0,0,0,0,1,5
Gabriel Martin Memorial Annual Scholarship,Robbie and Ginger Martin,0.030303030303030304,0.0,3,0,2,0,0,0,3,4,1,1,0,0,0,0,0,0,0,3
Hester Richardson Powell Memorial Service Scholarship,Angela R. Powell,0.07575757575757576,2.7,3,1,1,0,0,0,3,4,1,0,1,0,0,0,0,0,0,1
Integrity within Construction Scholarship,Renier Construction,0.06060606060606061,0.0,3,0,2,0,0,0,3,0,1,0,0,0,0,1,0,0,0,2
Future of Service within the Automotive Industry Scholarship,Renier Construction,0.06060606060606061,0.0,3,0,2,0,0,0,3,0,1,0,0,0,0,1,0,0,0,2
Harry & Marry Sheaffer Scholarship,CM Global LLC,0.030303030303030304,2.8,3,1,2,0,0,1,3,1,1,0,0,1,0,0,0,0,0,6
Iftikhar Kamil Madni Science and Engineering Memorial Scholarship,Madni,0.045454545454545456,3.75,3,1,2,0,0,0,3,0,1,0,0,0,0,0,1,0,0,7
Alief Imagine Good Apple Scholarship,Anuj,0.16760606060606062,2.5,3,1,2,0,0,0,3,2,1,0,1,0,0,0,0,0,0,1
A Courageous Spirit No-Essay Scholarship,Calvin Rosser,0.015151515151515152,0.0,3,0,2,0,0,0,3,0,0,0,0,0,0,0,0,0,1,5
A Daring Path No-Essay Scholarship,Calvin Rosser,0.030303030303030304,0.0,3,0,2,0,0,0,3,0,0,0,0,0,0,0,0,0,1,5
Isaac Yunhu Lee Memorial Arts Scholarship,Lee Family,0.7575757575757576,0.0,3,0,2,0,0,0,3,0,1,0,0,0,1,0,0,0,0,4
Godi Arts Scholarship,Mark Godi,0.030303030303030304,0.0,3,0,2,0,0,0,3,0,1,0,0,1,0,0,0,0,0,6
Cody Cochlin Memorial Scholarship,Jaedan Ford,0.030303030303030304,0.0,3,0,2,0,0,0,3,0,1,0,0,1,0,0,0,0,0,6
Rivera-Gulley First-Gen Scholarship Award,Rachel Gulley,0.030303030303030304,0.0,3,0,2,0,0,1,3,0,1,0,0,1,0,0,0,0,0,6
Ethan To Scholarship,Justin To & Ann Tran,0.06060606060606061,3.5,3,1,2,0,0,0,3,1,1,0,0,0,0,0,1,0,0,7
"Hilliard L. ""Tack"" Gibbs Jr. Memorial Scholarship",Bertha Gibbs,0.030303030303030304,0.0,3,0,2,0,0,0,3,1,1,0,0,0,0,1,0,0,0,2
Mental Health Importance Scholarship,Pettable,0.030303030303030304,0.0,3,0,2,0,0,0,3,0,1,0,0,0,0,0,0,0,1,5
Our Destiny Our Future Scholarship,OUR DESTINY OUR FUTURE FOUNDATION,0.09090909090909091,0.0,3,0,2,0,1,0,3,2,1,0,0,0,1,0,0,0,0,4
Maverick Scholarship,Carter McKinney Family,0.06060606060606061,3.0,3,1,2,0,0,0,3,1,1,0,0,1,0,0,0,0,0,6
McDuffie Software Engineering Scholarship,McDuffie,0.06060606060606061,0.0,3,0,2,0,0,0,3,1,1,0,0,1,0,0,0,0,0,6
Dark Golden Memorial Scholarship,Shari Golden,0.02878787878787879,3.0,3,1,2,0,0,0,3,0,1,0,0,0,0,1,0,0,0,2
Carole H. Beveridge Memorial Scholarship,Summer Cooke,0.030303030303030304,0.0,3,0,2,0,0,0,3,1,1,0,0,0,1,0,0,0,0,4
Barbara Cain Literary Scholarship,Radtke Family,0.030303030303030304,0.0,3,0,2,0,0,0,3,0,1,0,0,0,1,0,0,0,0,4
Scholarship for Women Golfers,PrimePutt,0.030303030303030304,0.0,3,0,1,0,0,0,3,0,1,0,0,0,0,0,0,0,1,5
Lost Dream Awaken Scholarship,Benjamin Bozworth,0.09090909090909091,0.0,3,0,2,0,0,0,3,2,1,0,0,0,0,0,1,0,0,7
Calvin C. Donelson Memorial Scholarship,Calvin C. Donelson Family,0.030303030303030304,0.0,3,0,2,0,0,0,3,0,1,0,0,1,0,0,0,0,0,6
Henry Respert Alzheimer's and Dementia Awareness Scholarship,Shawn Respert,0.18181818181818182,0.0,3,0,2,0,0,0,3,2,1,0,0,1,0,0,0,0,0,6
Charles Pulling Sr. Memorial Scholarship,Carrie Mochan,0.06060606060606061,0.0,3,0,2,0,0,0,3,0,1,0,0,0,1,0,0,0,0,4
Eco-Warrior Scholarship,HeySunday,0.030303030303030304,0.0,3,0,2,0,0,0,3,0,1,0,0,0,0,0,0,0,1,5
ALS Family Scholarship,ALS Family Scholarship,0.30303030303030304,0.0,3,0,2,0,0,0,3,4,1,0,0,0,0,0,0,0,1,5
Carl's Music Matters Scholarship,Carl Adams,0.015151515151515152,0.0,3,0,2,0,0,0,3,0,1,0,1,0,0,0,0,0,0,1
Mark Neiswander 110 Memorial Scholarship,The Neiswander Family,0.15151515151515152,0.0,3,0,2,0,1,0,3,0,1,0,0,0,0,1,0,0,0,2
Colby R. Eggleston and Kyla Lee Entrepreneurship Award,Colby Eggleston,0.030303030303030304,0.0,3,0,2,0,0,0,3,1,1,0,0,0,1,0,0,0,0,4
Will Johnson Scholarship,Open Doors TN,0.06060606060606061,0.0,3,0,2,0,0,0,3,3,1,0,0,0,0,0,0,0,1,5
Jorian Kuran Harris (Shug) Helping Heart Foundation Scholarship,Carleen Junior,0.019696969696969695,2.5,3,1,2,0,0,0,3,0,1,0,0,0,0,1,0,0,0,2
Sara Jane Memorial Scholarship,Whitt Family,0.06060606060606061,0.0,3,0,2,0,1,0,3,0,1,0,0,0,0,1,0,0,0,2
Stacy T. Mosley Jr. Educational Scholarship,Stephen Mosley,0.030303030303030304,3.0,3,1,2,0,0,0,3,0,1,0,0,0,0,1,0,0,0,2
DV Awareness Scholarship in Memory,Melissa Gillispie,0.030303030303030304,3.0,3,1,2,0,0,0,3,1,1,0,0,0,0,0,0,0,1,5
Environmental Kindness Scholarship,Melissa Myers,0.015151515151515152,0.0,3,0,2,0,0,0,3,0,1,0,0,0,0,0,0,0,1,5
McClendon Leadership Award,Agodtis McClendon,0.030303030303030304,0.0,3,0,2,0,1,0,3,1,1,0,0,0,0,1,0,0,0,2
John F. Puffer Sr. Smile Scholarship,Puffer Family,0.030303030303030304,2.8,3,1,2,0,0,0,3,0,1,0,1,0,0,0,0,0,0,1
Charles B. Barzelton Memorial Scholarship,Zennetta Brazelton,0.030303030303030304,0.0,3,0,2,0,0,0,3,0,1,0,0,0,0,0,0,0,1,5
HBCU STEM Scholarship,Chrispin Rainford,0.15151515151515152,3.0,3,1,2,0,0,1,3,0,1,0,0,1,0,0,0,0,0,6
Julie Madison Memorial Art Scholarship,The Mills & Madison Family,0.03442424242424243,0.0,3,0,2,0,0,0,2,0,1,0,0,0,0,0,0,0,1,5
G.H. DePriest Memorial Scholarship,Booklt4Life Children's Book & Social Club,0.015151515151515152,3.0,3,1,2,0,0,0,3,0,1,0,0,0,0,1,0,0,0,2
Andrea Claire Matason Memorial Scholarship,The Matason Family,0.030303030303030304,0.0,3,0,2,0,1,0,3,1,1,0,0,0,0,1,0,0,0,2
Lillian's & Ruby's Way Scholarship,Lillian's & Ruby's Way LLC,0.022727272727272728,0.0,3,0,1,0,0,0,3,0,1,0,1,0,0,0,0,0,0,1
I Can and I Will Scholarship,Kosmond Russell,0.030303030303030304,3.5,3,1,2,0,0,1,3,0,1,0,0,0,0,1,0,0,0,2
Anastasiya Y. Hardie Women in Engineering Memorial Scholarship,Brian Hardie,0.015151515151515152,0.0,3,0,1,0,0,0,3,0,1,0,0,0,0,0,0,0,1,5
Lulu Scholarship for Music Vocation,Guin Records LLC,0.03333333333333333,0.0,3,0,2,0,0,0,3,0,1,1,0,0,0,0,0,0,0,3
Private (PVT) Henry Walker Minority Scholarship,Steven Franklin,0.030303030303030304,2.8,3,1,2,1,1,0,3,0,1,0,0,1,0,0,0,0,0,6
Mad Grad Scholarship,MAD BOX Studios LLC,0.030303030303030304,3.0,3,1,2,0,0,0,3,1,1,0,0,0,0,0,0,0,1,5
Caleb G. Banegas Scholarship,Caleb Banegas,0.015151515151515152,0.0,3,0,1,0,0,0,5,0,1,0,0,0,0,0,0,0,1,5
Rose Ifebigh Memorial Scholarship,Adaora Ifebigh,0.030303030303030304,0.0,3,0,1,0,0,0,3,0,1,0,0,0,0,1,0,0,0,2
Chadwick D. McNab Memorial Scholarship,DraughtLab LLC,0.030303030303030304,0.0,3,0,2,0,0,0,3,0,1,0,0,1,0,0,0,0,0,6
Zachary Scheppat Memorial Science Scholarship,Scheppat,0.15151515151515152,0.0,3,0,2,0,1,0,3,1,1,0,1,0,0,0,0,0,0,1
Pablo M. Ortiz Memorial Scholarship,Chelsie-Jean Fernandez,0.030303030303030304,0.0,3,0,2,0,0,0,3,0,1,0,0,1,0,0,0,0,0,6
Major La-Goge W. Graham Memorial Scholarship,Graham Family,0.07575757575757576,0.0,3,0,2,0,0,0,3,0,1,0,0,0,1,0,0,0,0,4
Minority Women in STEM Financial Need Scholarship,Donald Huschle,0.30303030303030304,0.0,3,0,1,1,0,0,3,0,1,0,0,1,0,0,0,0,0,6
Johnson Dale Women's Empowerment Scholarship,Johnson,0.030303030303030304,0.0,3,0,1,0,0,0,3,1,1,0,0,0,1,0,0,0,0,4
Connie Konatsotis Scholarship,Connie Konatsotis Scholarship Fund,0.06060606060606061,0.0,3,0,1,0,0,0,3,1,1,0,0,0,0,0,0,0,1,5
Hackworth-Rhodes STEM Scholarship,NEKIA HACKWORTH,0.015151515151515152,0.0,3,0,2,0,0,0,3,0,1,0,1,0,0,0,0,0,0,1
Maxwell Tuan Nguyen Memorial Scholarship,Nguyen,0.030303030303030304,0.0,3,0,2,0,0,0,3,1,1,0,0,0,0,1,0,0,0,2
Pheonix Opportunity Award,Long John Nguyen,0.015151515151515152,0.0,3,0,2,0,0,1,3,0,1,0,0,0,0,1,0,0,0,2
Writer for Life Scholarship,KEITH ARNOLD,0.030303030303030304,0.0,3,0,2,0,0,0,3,0,1,0,0,0,0,1,0,0,0,2
Justin Moeller Memorial Scholarship,WorkStream Technology,0.030303030303030304,0.0,3,0,2,1,0,0,3,0,1,0,0,0,0,1,0,0,0,2
Olympians Academy Leadership Wings Scholarship,The Olympians Academy LLC,0.09090909090909091,3.0,3,1,2,0,0,0,3,1,1,0,0,1,0,0,0,0,0,6
Ron & Janell Lunan Black Girls in STEM Scholarship,Ron & Janell Lunan,0.030303030303030304,0.0,3,0,1,0,0,0,3,1,1,1,0,0,0,0,0,0,0,3
Future of Aviation Scholarship,Thomas Mannion,0.07575757575757576,0.0,3,0,2,0,0,0,3,0,1,0,0,0,1,0,0,0,0,4
Headbang For Science,Headbang For Science,1.0,3.0,3,1,2,0,0,0,3,2,1,0,0,0,0,0,0,0,1,5
Ella Hall-Dillon Scholarship,Letta Belle,0.10515151515151515,3.0,3,1,2,0,0,1,3,2,1,0,0,0,0,1,0,0,0,2
Rosalie A. DuPont (Young) Nursing Scholarship,Antonia Maria Casino and Antonio DuPont,0.03787878787878788,0.0,3,0,2,0,0,0,3,0,1,0,0,0,0,0,0,0,1,5
"Gladys Ruth Legacy ""Service"" Memorial Scholarship",Angela King,0.030303030303030304,2.5,3,1,2,0,0,1,3,0,1,0,0,1,0,0,0,0,0,6
Best Christian Colleges No-Essay Scholarship,Bold,0.030303030303030304,0.0,3,0,2,0,0,0,3,0,0,1,0,0,0,0,0,0,0,3
Lori Nethaway Memorial Scholarship,Stacey Sprenkel,0.03727272727272727,0.0,3,0,1,0,0,1,3,0,1,0,1,0,0,0,0,0,0,1
Harry D Thompson Memorial Scholarship,Thomson,0.030303030303030304,0.0,3,0,2,0,0,0,3,0,1,1,0,0,0,0,0,0,0,3
"""Equal Opportunity"" Scholarship",Calvin Rosser,0.030303030303030304,0.0,3,0,2,0,0,0,3,1,1,0,0,0,0,0,0,0,1,5
Operation 11 Tyler Schaeffer Memorial Scholarship,Campbell,0.09090909090909091,0.0,3,0,2,0,0,0,3,2,1,0,0,0,0,1,0,0,0,2
Jorge A. Quizhpi Memorial Scholarship,Daisy Mogrovejo,0.015151515151515152,3.2,3,1,2,0,0,0,3,0,1,0,1,0,0,0,0,0,0,1
Elijah's Helping Hand Scholarship Award,Sheehan,0.015151515151515152,0.0,3,0,2,0,0,0,3,0,1,0,0,0,0,0,0,0,1,5
Rita A. Clark Future Educator Award,Lynn Clark,0.016666666666666666,0.0,3,0,2,0,0,0,3,0,1,0,0,0,0,1,0,0,0,2
Skip Veeder Memorial Scholarship,Veeder Tree Farm,0.015151515151515152,0.0,3,0,2,0,1,0,3,0,1,0,0,0,0,1,0,0,0,2
FLIK Hospitality Group's Entrepreneurial Council Scholarship,Flik Hospitality Group,0.6060606060606061,2.7,3,1,2,0,0,0,3,3,1,0,0,0,0,1,0,0,0,2
Xavier M. Monroe Heart of Gold Memorial Scholarship,Delta Beta Psi Sorority Inc,0.015151515151515152,0.0,3,0,2,0,0,0,3,0,1,0,0,0,1,0,0,0,0,4
Veterans Writing Group of San Diego Ernie Pyle Award,Veterans' Writing Group of San Diego Country,0.030303030303030304,2.0,3,1,2,0,0,0,3,0,1,0,0,1,0,0,0,0,0,6
Denise K. Emberton Memorial Scholarship,Gary Emberton,0.06060606060606061,3.5,3,1,2,0,0,0,3,1,1,0,0,0,0,1,0,0,0,2
831 Legacy Scholarship,Niko Ivanov,0.09090909090909091,0.0,3,0,2,0,0,0,3,1,1,0,0,0,0,1,0,0,0,2
Wellness Warriors Scholarship,Enso,0.015151515151515152,0.0,3,0,2,0,0,0,3,0,1,0,0,0,0,0,0,0,1,5
Career Search Scholarship,Realign Inc,0.030303030303030304,0.0,3,0,2,0,0,0,3,0,1,0,0,0,0,0,0,0,1,5
Mighty Memorial Scholarship,Chynenye Okonkwo,0.030303030303030304,2.8,3,1,2,0,0,0,3,0,1,0,0,1,0,0,0,0,0,6
William Griggs Memorial Scholarship for Science and Math,William Griggs,0.07575757575757576,0.0,3,0,1,0,0,0,3,0,1,0,0,0,0,1,0,0,0,2
Brandon Tyler Castinado Memorial Scholarship,Timothy Hunter,0.10606060606060606,0.0,3,0,2,0,0,0,3,0,1,0,0,0,0,0,1,0,0,7
Mark A. Jefferson Teaching Scholarship,Mark Jefferson,0.06060606060606061,2.8,3,1,0,0,0,0,3,1,1,0,0,0,1,0,0,0,0,4
Reach For Your Future Scholarship,Dawn Sabados,0.045454545454545456,0.0,3,0,1,0,0,0,3,2,1,1,0,0,0,0,0,0,0,3
STAR Scholarship - Students Taking Alternative Routes,Marie Duran,0.015151515151515152,0.0,3,0,2,0,0,0,3,0,1,0,0,0,0,0,0,0,1,5
Joieful Connections Scholarship,Joieful Connections,0.15151515151515152,0.0,3,0,2,0,0,0,3,0,1,1,0,0,0,0,0,0,0,3
Jean Antoine Joas Scholarship,Jessica Joas,0.03484848484848485,0.0,3,0,2,0,0,0,3,0,1,0,0,0,0,0,0,0,1,5
Koehler Family Trades and Engineering Scholarship,Koehler Family,0.015151515151515152,0.0,3,0,2,0,0,0,3,0,1,0,0,0,0,1,0,0,0,2
Megan Springsteel Memorial Cosmetology Scholarship,Springsteel,0.030303030303030304,0.0,3,0,2,0,0,0,3,1,1,1,0,0,0,0,0,0,0,3
Dona Lupita Immigrant Scholarship,Masten-Villanueva,0.06060606060606061,0.0,3,0,2,0,0,0,1,0,1,0,0,0,0,0,0,0,1,5
Graffiti Arts Scholarship,Mural Art & Consulting,0.15151515151515152,0.0,3,0,2,0,0,0,3,0,1,0,0,0,0,0,0,0,1,5
Frederick J. Salone Memorial Scholarship,Salone,0.015151515151515152,0.0,3,0,2,0,0,0,3,0,1,0,1,0,0,0,0,0,0,1
Noble E. Gagucas Nursing Scholarship,Gagucas,0.030303030303030304,0.0,3,0,2,1,1,1,3,0,1,0,0,1,0,0,0,0,0,6
Tam and Betsy Vannoy Memorial Scholarship,Nancy Totten,0.10606060606060606,0.0,3,0,2,0,0,0,3,0,1,0,1,0,0,0,0,0,0,1
Female Startup Club Scholarship,Bold,0.030303030303030304,0.0,3,0,1,0,0,0,3,0,0,0,0,0,0,0,0,0,1,5
SSG Adrian Valdez Jr. Memorial Scholarship,Valdez Family,0.030303030303030304,0.0,3,0,2,0,0,0,3,0,1,0,0,0,1,0,0,0,0,4
Matthew J. Kauffman Memorial Scholarship,Kauffman Family,0.030303030303030304,0.0,3,0,2,0,0,0,3,0,1,0,0,0,0,0,1,0,0,7
Szilak Family Honorary Scholarship,Szilak Family,0.015151515151515152,0.0,3,0,2,0,0,0,3,0,1,0,0,0,0,0,0,0,1,5
Anderson Women's Rugby Scholarship,Heather Anderson,0.030303030303030304,0.0,3,0,1,0,0,0,3,0,1,0,0,0,0,0,0,0,1,5
Deborah Thomas Scholarship Award,27Strong,0.015151515151515152,0.0,3,0,2,0,0,0,3,0,1,1,0,0,0,0,0,0,0,3
Eunice Richardson Scholarship for Girls,Richardson Family,0.015151515151515152,2.5,3,1,1,0,0,0,3,0,1,0,1,0,0,0,0,0,0,1
Kenyada Me'Chon Thomas Legacy Scholarship,Cermonia Thomas,0.06060606060606061,2.5,3,1,2,0,0,0,3,1,1,0,1,0,0,0,0,0,0,1
Ranger Rise Scholarship,Ranger Liquor Mart & Bar,0.015151515151515152,0.0,3,0,2,0,0,0,3,0,1,0,0,1,0,0,0,0,0,6
Sean Allen Memorial Scholarship,Peter Chang,0.06060606060606061,0.0,3,0,2,0,0,0,3,0,1,0,0,0,0,0,1,0,0,7
Summer Chester Memorial Scholarship,Keishanae Williams,0.02727272727272727,0.0,3,0,2,0,0,0,3,0,1,0,1,0,0,0,0,0,0,1
Emma Jean Ridley Memorial Scholarship,Beacons of Promise LLC,0.030303030303030304,3.0,3,1,2,0,0,1,3,1,1,0,0,1,0,0,0,0,0,6
Terry Masters Memorial Scholarship,Masters Family,0.045454545454545456,0.0,3,0,2,0,0,0,3,0,1,0,0,0,0,0,0,0,1,5
Dr. Jade Education Scholarship,The Dr Jade Brand LLC,0.015151515151515152,0.0,3,0,1,0,0,0,3,1,1,0,0,0,0,0,0,1,0,0
Cariloop's Caregiver Scholarship,Cariloop,0.15151515151515152,0.0,3,0,2,0,0,0,3,2,1,0,0,0,0,0,0,0,1,5
Youth Equine Service Scholarship,Cathy Thacker,0.03484848484848485,0.0,3,0,2,0,1,0,3,0,1,0,0,0,0,0,0,0,1,5
Lidia M. Wallace Memorial Scholarship,Wallace Family,0.015151515151515152,0.0,3,0,2,0,0,0,3,0,1,0,1,0,0,0,0,0,0,1
Kevin R. Mabee Memorial Scholarship,Laurie Conrad,0.015151515151515152,0.0,3,0,2,0,0,0,3,0,1,0,0,0,0,0,0,0,1,5
Wild Scholarship,Wildxyz Inc,0.030303030303030304,0.0,3,0,2,0,0,0,3,0,1,0,0,0,0,0,0,0,1,5
Ron Johnston Student Athlete Scholarship,Johnston Family,0.06363636363636363,0.0,3,0,2,0,0,0,3,1,1,0,0,0,0,1,0,0,0,2
Dan Leahy Scholarship Fund,Dan Leahy Scholarship Fund,0.09090909090909091,0.0,3,0,2,0,0,0,3,2,1,0,0,0,1,0,0,0,0,4
Reviewing,The Donald A. Baker Foundation,0.015151515151515152,0.0,3,0,2,0,0,0,3,0,1,0,1,0,0,0,0,0,0,1
Laura Thorne Memorial Scholarship,Shelley Roderick,0.06060606060606061,0.0,3,0,2,0,1,0,3,0,1,0,0,0,0,1,0,0,0,2
Rebecca Hunter Memorial Scholarship,Ryan Lester,0.03484848484848485,0.0,3,0,2,0,0,0,0,0,1,0,0,0,0,0,0,0,1,5
Eitel Scholarship,Danielle Eitel,0.015151515151515152,3.0,3,1,1,0,0,0,3,0,1,0,0,0,0,0,1,0,0,7
Charity's Alumnus Erudition Award,Charity's Haven LLC,0.015151515151515152,2.5,3,1,2,0,0,1,3,0,1,0,1,0,0,0,0,0,0,1
Big Heart Scholarship,Gentile Family,0.2778787878787879,0.0,3,0,2,0,0,0,3,0,1,1,0,0,0,0,0,0,0,3
Trudgers Fund,C.Louis Gable,0.030303030303030304,0.0,3,0,2,0,0,0,3,0,1,0,0,0,0,1,0,0,0,2
Kristie's Kids - Loving Arms Around Those Impacted by Cancer Scholarship,McFarling,0.15151515151515152,3.0,3,1,2,0,0,0,3,1,1,0,1,0,0,0,0,0,0,1
Audrey Sherrill & Michael D'Ambrisi Music Scholarship,The Sherrill Family and Friends,0.30303030303030304,3.0,3,1,2,0,0,0,3,1,1,0,0,0,1,0,0,0,0,4
Your Health Journey Scholarship,Thrive,0.015151515151515152,0.0,3,0,2,0,0,0,3,0,1,0,0,0,0,0,0,0,1,5
Sports Lover Scholarship,Thrive,0.015151515151515152,0.0,3,0,2,0,0,0,3,0,1,0,0,0,0,0,0,0,1,5
Mind Body & Soul Scholarship,Thrive,0.015151515151515152,0.0,3,0,2,0,0,0,3,0,1,0,0,0,0,0,0,0,1,5
Healthy Eating Scholarship,Thrive,0.015151515151515152,0.0,3,0,2,0,0,0,3,0,1,0,0,0,0,0,0,0,1,5
Learner Math Lover Scholarship,Learner,0.015151515151515152,0.0,3,0,2,0,0,0,3,0,1,0,0,0,0,0,0,0,1,5
Learner Geometry Scholarship,Learner,0.015151515151515152,0.0,3,0,2,0,0,0,3,0,1,0,0,0,0,0,0,0,1,5
Learner No-Essay SAT Tutoring Scholarship,Learner,0.015151515151515152,0.0,3,0,2,0,0,0,3,0,0,1,0,0,0,0,0,0,0,3
Learner.com Algebra Scholarship,Learner,0.015151515151515152,0.0,3,0,2,0,0,0,3,0,1,0,0,0,0,0,0,0,1,5
Learner Calculus Scholarship,Learner,0.015151515151515152,0.0,3,0,2,0,0,0,3,0,1,0,0,0,0,0,0,0,1,5
Informed Consumer Scholarship,Bold,0.030303030303030304,0.0,3,0,2,0,0,0,3,0,0,0,0,0,0,0,0,0,1,5
Overcoming Adversity - Jack Terry Memorial Scholarship,Strans and Terry Family,0.18181818181818182,3.0,3,1,2,0,0,0,3,1,1,0,1,0,0,0,0,0,0,1
Tony Alviani Memorial Scholarship,Alviani Family,0.015151515151515152,0.0,3,0,2,0,0,0,3,0,1,0,0,0,1,0,0,0,0,4
Grace Lynn Ross Memorial Scholarship,Michelle Ross,0.015151515151515152,0.0,3,0,2,0,0,0,3,0,1,0,0,0,0,1,0,0,0,2
Walters Foster Care Scholarship,Walters Family,0.015151515151515152,0.0,3,0,2,0,0,0,3,0,1,0,0,0,0,1,0,0,0,2
Richard Neumann Scholarship,Neumann,0.030303030303030304,0.0,3,0,2,0,0,0,3,0,1,0,1,0,0,0,0,0,0,1
Maggie's Way-International Woman's Scholarship,David Gaskill,0.15151515151515152,0.0,3,0,1,0,0,0,3,0,1,0,0,0,1,0,0,0,0,4
Vincent U. Cornwall Legacy Scholarship,Jason Prime,0.015151515151515152,0.0,3,0,2,0,1,0,3,0,1,0,0,0,0,0,0,0,1,5
LoCasale Family and Friends,Perla Acevedo,0.015151515151515152,0.0,3,0,2,0,0,1,3,0,1,1,0,0,0,0,0,0,0,3
David G. Sutton Memorial Scholarship,Stacy Mensch,0.015151515151515152,0.0,3,0,2,0,0,0,3,0,1,1,0,0,0,0,0,0,0,3
Mendez-Olvera Medicine and Public Health Scholarship,Mendez-Olvera,0.06060606060606061,3.6,3,1,2,0,0,0,3,1,1,0,1,0,0,0,0,0,0,1
Scorenavigator Financial Literacy Scholarship,ScoreNavigator Inc,0.15151515151515152,3.0,3,1,2,0,0,0,3,4,1,1,0,0,0,0,0,0,0,3
Kozakov Foundation Fellowship for Creatives,Kozakov Foundation,0.1556060606060606,0.0,3,0,2,0,0,0,3,0,1,0,0,1,0,0,0,0,0,6
Goodnewsletter Scholarship,Bold,0.030303030303030304,0.0,3,0,2,0,0,0,3,0,0,0,0,0,0,0,0,0,1,5
Carla M. Champagne Memorial Scholarship,Champagne,0.06060606060606061,0.0,3,0,2,0,1,0,3,0,1,0,0,1,0,0,0,0,0,6
"Brent Haines ""Make it Happen"" Scholarship",Haines Family,0.12121212121212122,2.5,3,1,2,0,0,0,3,1,1,0,0,1,0,0,0,0,0,6
Life-Changing Concepts Scholarship,Bold,0.030303030303030304,0.0,3,0,2,0,0,0,3,0,0,0,0,0,0,0,0,0,1,5
Hulede Collegiate Golf Scholarship,John C. Hulede,0.30303030303030304,3.0,3,1,2,0,0,0,3,4,1,0,0,0,0,0,0,0,1,5
Josephine E. Sloane Scholarship for Legal Studies,Sloane Law LLC,0.015151515151515152,3.0,3,1,2,0,0,0,3,0,1,0,0,0,0,0,1,0,0,7
Sean Carroll's Mindscape Big Picture Scholarship,Sean Carroll's Mindscape,0.30303030303030304,0.0,3,0,2,0,0,0,3,0,1,0,0,0,0,0,0,0,1,5
TBC Academic Scholarship,Tiara Cosby,0.015151515151515152,0.0,3,0,2,0,0,1,3,0,1,0,1,0,0,0,0,0,0,1
GTF Book Scholarship,The Gregory D. Tucker Foundation,0.015151515151515152,3.0,3,1,2,0,0,0,3,0,1,0,0,1,0,0,0,0,0,6
Opportunity for Our People Scholarship,Coops Corner,0.015151515151515152,0.0,3,0,2,0,0,0,3,0,1,0,0,1,0,0,0,0,0,6
Albright Carter Campbell Ohana Scholarship for Academic Excellence,George Albright,0.3696969696969697,0.0,3,0,2,0,0,0,3,2,1,0,0,0,0,0,1,0,0,7
SmartAsset College SamrtStart Personal Finance Scholarship,SmartAsset,0.15151515151515152,3.0,3,1,2,0,0,0,3,0,1,0,0,1,0,0,0,0,0,6
Margot Pickering Aspiring Attorney Scholarship,Margot Marie Pickering Bogner Memorial Scholarship Fund,0.07575757575757576,3.0,3,1,2,0,0,0,3,0,1,0,0,0,0,0,1,0,0,7
Margot Bogner Memorial Scholarship,Margot Marie Pickering Bogner Memorial Scholarship Fund,0.07575757575757576,3.5,3,1,1,0,0,0,3,0,1,0,0,1,0,0,0,0,0,6
Eduardo Uvaldo Memorial Scholarship,Uvaldo,0.030303030303030304,3.0,3,1,2,0,0,0,3,1,1,0,0,0,0,0,1,0,0,7
Book Lovers Scholarship,Calvin Rosser,0.015151515151515152,0.0,3,0,2,0,0,0,3,0,1,0,0,0,0,0,0,0,1,5
Veterans Next Generation Scholarship,Richard and Stephanie Younkins,0.045454545454545456,0.0,3,0,2,0,0,0,3,2,1,0,0,1,0,0,0,0,0,6
James Gabriel Memorial Scholarship,McCormack,0.030303030303030304,0.0,3,0,2,0,0,0,3,0,1,1,0,0,0,0,0,0,0,3
Joey Anderson Dance & Theater Scholarship,Emma Bradley,0.06363636363636363,0.0,3,0,1,0,0,0,3,0,1,0,0,0,1,0,0,0,0,4
Deborah Stevens Pediatric Nursing Scholarship,Deborah Stevens,0.09090909090909091,0.0,3,0,2,0,0,0,3,2,1,0,0,1,0,0,0,0,0,6
John Traxler Theatre Scholarship,Traxler Family,0.024242424242424242,0.0,3,0,2,0,0,0,3,0,1,0,0,0,0,0,0,0,1,5
Organic Formula Shop Single Parent Scholarship,Organic Formula Shop,0.06060606060606061,0.0,3,0,2,0,0,0,0,0,1,0,0,0,0,0,1,0,0,7
"""A Bold Life"" No-Essay Scholarship",Calvin Rosser,0.015151515151515152,0.0,3,0,2,0,0,0,3,0,0,0,0,0,0,0,0,0,1,5
Jimmy Cardenas Community Leader Scholarship,Cardenas Family,0.015151515151515152,0.0,3,0,2,0,0,0,3,0,1,0,0,1,0,0,0,0,0,6
Charles Cheesman's Student Debt Reduction Scholarship,Cheesman Family,0.696969696969697,0.0,3,0,2,0,0,1,3,3,1,0,0,0,0,0,1,0,0,7
James R. Schaaf Civil Engineering Scholarship,Floodplain Management Association,0.3181818181818182,0.0,3,0,2,0,0,0,3,0,1,0,0,1,0,0,0,0,0,6
HM Family Scholarship,HM Family Scholarship,0.030303030303030304,0.0,3,0,2,0,0,0,3,0,1,0,0,0,0,1,0,0,0,2
TJ Crowson Memorial Scholarship,The Crowson Family,0.09090909090909091,0.0,3,0,2,0,0,0,3,1,1,0,0,0,0,1,0,0,0,2
Alice and Gary Barthell Scholarship,Barthell Foundation Inc,0.07575757575757576,0.0,3,0,2,0,0,0,3,0,1,1,0,0,0,0,0,0,0,3
Stephan L. Daniels Lift As We Climb Scholarship,Stephen Daniels,0.15151515151515152,0.0,3,0,2,0,0,0,3,0,1,0,0,0,0,1,0,0,0,2
Alex D. Sharpless II Memorial Scholarship,Jenny Sharpless,0.045454545454545456,0.0,3,0,2,0,0,0,3,0,1,0,1,0,0,0,0,0,0,1
FMA College Scholarship,Floodplain Management Association,0.30303030303030304,0.0,3,0,2,0,0,0,3,0,1,0,0,1,0,0,0,0,0,6
Williams Foundation Trailblazer Scholarship,Williams Foundation,0.030303030303030304,2.5,3,1,2,0,0,0,3,0,1,0,1,0,0,0,0,0,0,1
Alkenyatta Al Wilson Scholarship,JACOPRI INC,0.022727272727272728,0.0,3,0,2,0,0,0,3,0,1,0,0,1,0,0,0,0,0,6
"She Rose Initiative's ""More Than a Conqueror"" Scholarship",She Rose Initiative,0.015151515151515152,3.0,3,1,1,0,0,0,3,0,1,0,0,0,0,0,1,0,0,7
Young Women in STEM Scholarship,Stephanie Hagopian,0.45454545454545453,0.0,3,0,1,0,0,0,3,2,1,0,0,0,0,1,0,0,0,2
Curiosity Chronicle Scholarship,Bold,0.030303030303030304,0.0,3,0,2,0,0,0,3,0,0,0,0,0,0,0,0,0,1,5
Dema Dimbaya Humanitarianism and Disaster Relief Scholarship,Dema Dimbaya,0.06060606060606061,0.0,3,0,2,0,0,0,3,1,1,0,0,0,0,0,0,0,1,5
To The Moon Scholarship,Bold,0.030303030303030304,0.0,3,0,2,0,0,0,3,0,0,0,0,0,0,0,0,0,1,5
Jerrye Chesnes Memorial Scholarship,Chesnes,0.09090909090909091,0.0,3,0,2,0,0,0,3,1,1,0,0,0,0,0,1,0,0,7
Chris Ford Scholarship,Chris Ford,0.30303030303030304,3.0,3,1,2,0,0,0,3,3,1,0,1,0,0,0,0,0,0,1
Students Impacted by Incarceration Scholarship,Rishi Malhotra,0.030303030303030304,0.0,3,0,2,0,0,0,3,0,1,0,0,0,1,0,0,0,0,4
Lauren Czebatul Scholarship,Nick Scheller,0.11212121212121212,3.0,3,1,2,0,1,0,3,0,1,0,0,0,1,0,0,0,0,4
Patricia Ann Whelan Memorial Scholarship,Whelan Family,0.015151515151515152,0.0,3,0,2,0,0,0,3,0,1,0,0,1,0,0,0,0,0,6
For What It's Worth Scholarship,Bold,0.030303030303030304,0.0,3,0,2,0,0,0,3,0,0,0,0,0,0,0,0,0,1,5
Ruebenna Greenfield Flack Scholarship,Enya Flack,0.0696969696969697,0.0,3,0,1,1,0,0,3,0,1,0,0,1,0,0,0,0,0,6
Yvela Michele Memorial Scholarship for Resilient Single Parents,American Notary & Signing Services,0.030303030303030304,0.0,3,0,2,0,0,0,2,0,1,0,0,0,0,0,0,0,1,5
Ruthie Brown Scholarship,Lee Porscha Moore,0.15151515151515152,0.0,3,0,2,0,0,0,3,0,1,0,0,0,0,0,0,0,1,5
King Jay Foundation Scholarship,Brittany Murry,0.015151515151515152,3.5,3,1,2,0,0,1,3,0,1,1,0,0,0,0,0,0,0,3
Fuerza Y Ganas Scholarship,Estanislao,0.045454545454545456,0.0,3,0,1,0,0,1,3,2,1,0,0,0,1,0,0,0,0,4
Jacob Daniel Dumas Memorial Jewish Scholarship,Dumas,0.09090909090909091,0.0,2,0,2,0,0,0,3,1,1,0,0,0,0,1,0,0,0,2
Nitro Pay For College No-Essay Scholarship,Bold,0.30303030303030304,0.0,3,0,2,0,0,0,3,0,0,0,0,0,0,0,0,0,1,5
Forget Your Student Debt No-Essay Grant,Bold,0.015151515151515152,0.0,3,0,2,0,0,0,3,0,0,0,0,0,0,0,0,0,1,5
500 Bold Points No-Essay Scholarship,Bold,0.15151515151515152,0.0,3,0,2,0,0,0,3,0,0,0,0,0,0,0,0,0,1,5
Be Bold No-Essay Scholarship,Bold,0.758969696969697,0.0,3,0,2,0,0,0,3,0,0,0,0,0,0,0,0,0,1,5
Conscious Consumer Scholarship,Bold,0.030303030303030304,0.0,3,0,2,0,0,0,3,0,0,0,0,0,0,0,0,0,1,5
1000 Bold Points No-Essay Scholarship,Bold,0.30303030303030304,0.0,3,0,2,0,0,0,3,0,0,0,0,0,0,0,0,0,1,5
Bold No-Essay Community Scholarship,Bold,0.15151515151515152,0.0,3,0,2,0,0,0,3,0,0,0,0,0,0,0,0,0,1,5
Bold No-Essay Top Friend Scholarship,Bold,0.15151515151515152,0.0,3,0,2,0,0,0,3,0,0,0,0,0,0,0,0,0,1,5
400 Bold Points No-Essay Scholarship,Bold,0.12121212121212122,0.0,3,0,2,0,0,0,3,0,0,0,0,0,0,0,0,0,1,5
300 Bold Points No-Essay Scholarship,Bold,0.09090909090909091,0.0,3,0,2,0,0,0,3,0,0,0,0,0,0,0,0,0,1,5
200 Bold Points No-Essay Scholarship,Bold,0.06060606060606061,0.0,3,0,2,0,0,0,3,0,0,0,0,0,0,0,0,0,1,5
100 Bold Points No-Essay Scholarship,Bold,0.030303030303030304,0.0,3,0,2,0,0,0,3,0,0,0,0,0,0,0,0,0,1,5
CollegeVine Dream School Scholarship,Bold,0.030303030303030304,0.0,3,0,2,0,0,0,3,0,0,1,0,0,0,0,0,0,0,3
Daily Upside Business News Scholarship,Bold,0.030303030303030304,0.0,3,0,2,0,0,0,3,0,0,0,0,0,0,0,0,1,0,0
Micheal Passanita Memorial Scholarship,Beth,0.030303030303030304,0.0,3,0,2,0,0,0,3,0,1,0,0,0,1,0,0,0,0,4
Gloria Stokes Memorial Scholarship,Jada Dumas,0.015151515151515152,0.0,3,0,2,0,0,0,3,0,1,0,0,0,0,1,0,0,0,2
Jeannine Schroeder Women in Public Service Memorial Scholarship,Andrea Beck,0.12121212121212122,0.0,3,0,1,0,1,0,3,3,1,0,0,1,0,0,0,0,0,6
Cade Reddington Be the Light Scholarship,Cade Reddington Memorial Fund,0.06060606060606061,0.0,3,0,2,0,0,0,3,1,1,0,1,0,0,0,0,0,0,1
Kristen McCartney Perseverance Scholarship,Kristen's Krew,0.12121212121212122,3.5,3,1,1,0,1,0,3,1,1,1,0,0,0,0,0,0,0,3
Dr. Ifeoma Ezebuiro Ezeobele Africans in Nursing Scholarship,Ezebuiro,0.030303030303030304,0.0,3,0,2,0,0,0,3,0,1,0,0,0,0,0,1,0,0,7
Andrea M Taylor Future Doctors Scholarship,Ajeenah Crittendon,0.015151515151515152,0.0,3,0,2,0,0,0,3,0,1,0,0,0,0,0,0,0,1,5
Alma J. Grubbs Education Scholarship,Serenia Beckton,0.015151515151515152,0.0,3,0,2,0,0,0,3,0,1,0,0,0,0,0,0,0,1,5
Filipino-American Scholarship,Lee Cortez,0.045454545454545456,0.0,3,0,2,0,0,0,3,2,1,0,0,1,0,0,0,0,0,6
Keep Going Forward No Essay Scholarship,Ben Schneider,0.045454545454545456,0.0,3,0,2,0,0,0,3,0,0,0,0,0,0,0,0,0,1,5
Ventana Ocean Conservation Scholarship,Ventana Surfboards & Supplies,0.1,0.0,3,0,2,0,0,0,3,0,1,0,0,0,0,0,0,0,1,5
Mohamed Magdi Taha Memorial Scholarship,Taha Family,0.18181818181818182,0.0,3,0,2,0,0,0,3,2,1,0,0,1,0,0,0,0,0,6
Trees for Tuition Scholarship Fund,Trees for Tuition,0.7272727272727273,0.0,3,0,2,0,0,0,3,7,1,0,0,0,0,1,0,0,0,2
Jacques Borges Memorial Scholarship,MONA LISA LYSINGER,0.15042424242424243,0.0,3,0,2,0,0,0,3,0,1,0,0,0,1,0,0,0,0,4
Dylan James Miller Memorial Scholarship,Kim Miller,0.015151515151515152,0.0,3,0,2,0,0,0,3,0,1,0,0,0,0,0,1,0,0,7
Refind - Get Smarter Every Day Scholarship,Bold,0.030303030303030304,0.0,3,0,2,0,0,0,3,0,0,0,0,0,0,0,0,0,1,5
Best Catholic Colleges No-Essay Scholarship,Bold,0.030303030303030304,0.0,1,0,2,0,0,0,3,0,0,1,0,0,0,0,0,0,0,3
Best Faith-Based Colleges No-Essay Scholarship,Bold,0.030303030303030304,0.0,3,0,2,0,0,0,3,0,0,1,0,0,0,0,0,0,0,3
Matt Preziose Creative Scholarship,Gisela Delgado,0.030303030303030304,0.0,3,0,2,0,0,0,3,0,1,0,0,1,0,0,0,0,0,6
Ojeda Multi-County Youth Scholarship,Geanette Rodriguez-Ojeda,0.030303030303030304,2.9,3,1,2,0,0,0,3,1,1,0,1,0,0,0,0,0,0,1
D'Andre J. Brown Memorial Scholarship,Cindy Brown,0.13196969696969696,3.0,3,1,2,0,0,0,3,1,1,0,1,0,0,0,0,0,0,1
Lieba's Legacy Scholarship,Joran Family,0.030303030303030304,0.0,3,0,2,0,0,0,3,0,1,0,0,0,1,0,0,0,0,4
Huddle Up Scholarship,Bold,0.030303030303030304,0.0,3,0,2,0,0,0,3,0,0,0,0,0,0,0,0,0,1,5
Front Office Sports Scholarship,Bold,0.015151515151515152,0.0,3,0,2,0,0,0,3,0,0,0,0,0,0,0,0,0,1,5
Margalie Jean-Baptiste Scholarship,Patrick Barron,0.030303030303030304,0.0,3,0,1,0,0,1,3,0,1,0,1,0,0,0,0,0,0,1
Chang Heaton Scholarship for Music Excellence,Melody Heaton,0.07575757575757576,0.0,3,0,2,0,0,1,3,4,1,0,0,0,0,0,1,0,0,7
WayUp Dream Job No-Essay Scholarship,Bold,0.030303030303030304,0.0,3,0,2,0,0,0,3,0,0,0,0,0,0,0,1,0,0,7
Taylor Ibarrondo Memorial Scholarship,Ibarrondo Family,0.06866666666666667,3.0,3,1,2,0,0,0,3,1,1,1,0,0,0,0,0,0,0,3
ESPDaniella Debt Grant,Carlynn Greene,0.13636363636363635,0.0,3,0,2,0,0,0,3,2,0,0,0,0,0,0,1,0,0,7
Dashanna K. McNeil Memorial Scholarship,Dashanna K McNeil Memorial Scholarship,0.03696969696969697,0.0,3,0,2,0,0,0,3,2,1,0,0,0,0,0,0,0,1,5
Dollar Isn't Everything Scholarship,Ben Schneider,0.015151515151515152,0.0,3,0,2,0,0,0,3,0,0,0,0,0,0,0,0,0,1,5
The GIST Women's Sports Business Scholarship,Bold,0.030303030303030304,0.0,3,0,1,0,0,0,3,0,0,0,0,0,0,0,1,0,0,7
Cappex Adult Learners Scholarship,Bold,0.030303030303030304,0.0,3,0,2,0,0,0,3,1,0,0,0,0,0,0,0,0,1,5
Survey Junkie Brand Influencer No-Essay Scholarship,Bold,0.030303030303030304,0.0,3,0,2,0,0,0,3,0,0,0,0,0,0,0,0,0,1,5
Cappex No-Essay Scholarship,Bold,0.030303030303030304,0.0,3,0,2,0,0,0,3,0,0,0,0,0,0,0,0,0,1,5
CollegeXpress No-Essay Scholarship,Bold,0.030303030303030304,0.0,3,0,2,0,0,0,3,0,0,1,0,0,0,0,0,0,0,3
Catholic Colleges No-Essay Scholarship,Bold,0.030303030303030304,0.0,1,0,2,0,0,0,3,0,0,1,0,0,0,0,0,0,0,3
Going Merry Multiple No-Essay Scholarship in One Scholarship,Going Merry,0.030303030303030304,0.0,3,0,2,0,0,0,3,0,1,0,0,0,0,0,0,0,1,5
Learner Education Women in Mathematics Scholarship,Learner,0.030303030303030304,0.0,3,0,1,0,0,0,3,0,1,0,0,0,1,0,0,0,0,4
GIST Sports Media No-Essay Scholarship,Bold,0.030303030303030304,0.0,3,0,2,0,0,0,3,0,1,0,0,0,0,0,0,0,1,5
Ukrainian Women in STEM,Anonymous Donor,0.6060606060606061,0.0,3,0,1,0,0,0,3,3,1,0,0,1,0,0,0,0,0,6
Ethel Hayes Destigmatization of Mental Health Scholarship,Dr.Terence O. Hayes Sr,0.3393939393939394,0.0,3,0,2,0,0,0,3,2,1,0,0,0,0,0,0,0,1,5
Average Joe Financial News Scholarship,Bold,0.030303030303030304,0.0,3,0,2,0,0,0,3,0,0,0,0,0,0,0,1,0,0,7
Wondermind Mental Fitness No-Essay Scholarship,Bold,0.030303030303030304,0.0,3,0,2,0,0,0,3,0,0,0,0,0,0,0,0,0,1,5
Scott McLam Memorial Scholarship,John Gerli,0.18181818181818182,0.0,3,0,2,0,0,0,3,1,1,0,0,0,0,0,0,0,1,5
Niche College No-Essay Scholarship,Bold,0.030303030303030304,0.0,3,0,2,0,0,0,3,0,0,0,0,0,0,0,0,0,1,5
Science for Life Biology and Health Science No-Essay Scholarship,Bold,0.030303030303030304,0.0,3,0,2,0,0,0,3,0,0,0,0,0,0,0,0,0,1,5
A Bold Mind Psychology No-Essay Scholarship,Bold,0.030303030303030304,0.0,3,0,2,0,0,0,3,0,0,0,0,0,0,0,0,0,1,5
Faith-Based Colleges No-Essay Scholarship,Bold,0.030303030303030304,0.0,3,0,2,0,0,0,3,0,0,1,0,0,0,0,0,0,0,3
Milk Road Crypto and Web3 No-Essay Scholarship,Bold,0.030303030303030304,0.0,3,0,2,0,0,0,3,0,0,0,0,0,0,0,0,0,1,5
Hannah's Community Foster Care Forward Scholarship,Hannah Pfister,0.015151515151515152,0.0,3,0,2,0,0,0,3,0,1,0,0,0,1,0,0,0,0,4
Kim Moon Bae Underrepresented Students Scholarship,John Kim,0.030303030303030304,0.0,3,0,2,1,0,0,3,0,1,0,0,1,0,0,0,0,0,6
Dreamer's Midpoint Scholarship,Dreamer's Midpoint,0.015151515151515152,2.5,3,1,2,0,0,0,3,0,1,0,0,0,0,1,0,0,0,2
Hector L. Minott Sr. Future Doctor Scholarship,Anonymous,0.030303030303030304,0.0,3,0,2,0,0,0,3,1,1,0,0,0,0,0,1,0,0,7
ESOF Academic Scholarship,ESOF,0.030303030303030304,3.0,3,1,2,0,0,0,3,1,1,0,1,0,0,0,0,0,0,1
Kahoot Live Scholarship,Bold,0.015151515151515152,0.0,3,0,2,0,0,0,3,0,0,0,0,0,0,0,0,0,1,5
Corrick Family First-Gen Scholarship,Corrick Family,0.045454545454545456,0.0,3,0,2,0,0,1,3,0,1,0,0,1,0,0,0,0,0,6
Social Change Fund United Scholarship,The Social Change Fund United,0.45454545454545453,0.0,3,0,2,0,0,0,3,2,1,0,0,0,0,0,1,0,0,7
Solomon Vann Memorial Scholarship,Juanita Inman-Vann,0.030303030303030304,3.0,3,1,2,0,0,0,3,1,1,0,0,0,0,1,0,0,0,2
Scholly No-Essay Scholarship,Bold,0.015151515151515152,0.0,3,0,2,0,0,0,3,0,0,0,0,0,0,0,0,0,1,5
CampusReel No-Essay Scholarship,Bold,0.015151515151515152,0.0,3,0,2,0,0,0,3,0,0,0,0,0,0,0,0,0,1,5
AI Innovators Undergraduate Scholarship,CommandBar,0.06060606060606061,0.0,3,0,2,0,0,0,3,1,1,0,0,1,0,0,0,0,0,6
Youssef University's Muslim Scholarship Fund,Youssef Hasweh,0.045454545454545456,3.0,0,1,2,0,0,0,3,0,1,0,0,0,0,0,0,0,1,5
Ed and Flora Pellegri Scholarship,Edward Pellegri,0.15151515151515152,0.0,3,0,2,0,0,0,3,1,1,0,0,0,0,1,0,0,0,2
Robert F. Lawson Fund for Careers that Care,Lance Lawson,0.015151515151515152,0.0,3,0,2,0,0,0,3,0,1,0,0,0,0,1,0,0,0,2
Walking in Authority International Ministry Scholarship,Walking in Authority Internation Ministry,0.019696969696969695,2.5,3,1,2,0,1,0,3,0,1,0,0,0,0,1,0,0,0,2
Andrea Claire Matason Memorial Scholarship,The Matason Family,0.030303030303030304,0.0,3,0,2,0,1,0,3,1,1,0,0,0,0,1,0,0,0,2
Medford Volunteer Ambulance Aspiring Healthcare Hero's Scholarship,Medford Volunteer Ambulance Inc,0.09090909090909091,0.0,3,0,2,0,0,0,3,4,1,0,1,0,0,0,0,0,0,1
Dynamic Edge Women in STEM Scholarship,Dynamic Edge Inc,0.12121212121212122,0.0,3,0,1,0,0,0,3,1,1,0,0,0,1,0,0,0,0,4
Future of Aviation Scholarship,Thomas Mannion,0.07575757575757576,0.0,3,0,2,0,0,0,3,0,1,0,0,0,1,0,0,0,0,4
Rita A. Clark Future Educator Award,Lynn Clark,0.016666666666666666,0.0,3,0,2,0,0,0,3,0,1,0,0,0,0,1,0,0,0,2
Mattie's Way Memorial Scholarship,Wilmoth Family,0.030303030303030304,0.0,3,0,2,0,0,0,3,0,1,0,0,0,0,1,0,0,0,2
HRCap Next-Gen Leadership Scholarship,HRCap Inc,0.15151515151515152,0.0,3,0,2,0,0,0,3,5,1,0,0,0,0,0,1,0,0,7
JDT Ventures Scholarship Fund,We Clean and Azcany Brand,0.030303030303030304,0.0,3,0,2,0,0,0,3,1,1,0,1,0,0,0,0,0,0,1
Edward Feliciano Mentoring Nurse Anesthesia Scholarship,Gibson CRNA A Nursing Anesthesia Corporation,0.030303030303030304,0.0,3,0,2,0,0,0,3,0,1,0,0,0,0,0,0,0,1,5
Net Impact Berkeley Social Impact Scholarship,Net Impact Berkeley,0.09090909090909091,0.0,3,0,2,1,0,1,3,2,1,0,1,0,0,0,0,0,0,1
Andrew Perez Mental Illness/Suicidal Awareness Education Scholarship,Jesus Perez,0.030303030303030304,0.0,3,0,2,0,0,0,3,0,1,0,0,0,1,0,0,0,0,4
Jake Thomas Williams Memorial Scholarship,Williams Family,0.08333333333333333,0.0,3,0,2,0,0,0,3,0,1,0,1,0,0,0,0,0,0,1
Jailyn Tamia Scholarship,JAILYNTAMIA Headquarters,0.06060606060606061,3.0,3,1,2,0,0,0,3,1,1,0,0,0,0,0,1,0,0,7
Kyle Rairdan Memorial Aviation Scholarship,Rairdan,0.12121212121212122,0.0,3,0,2,0,0,0,3,1,1,0,0,0,0,0,0,0,1,5
DK Memorial Sports Broadcasting Scholarship,Friends of DK,0.07575757575757576,0.0,3,0,2,0,0,0,3,0,1,0,0,0,0,0,1,0,0,7
Martha Galvez Memorial Scholarship,Cassie Galvez,0.030303030303030304,0.0,3,0,2,0,0,0,3,0,1,0,0,0,0,0,0,0,1,5
Awarded,Tyra-Ochoa Family,0.15151515151515152,0.0,3,0,2,0,0,0,3,0,1,0,1,0,0,0,0,0,0,1
Sammy Ochoa Memorial Scholarship,Tyra-Ochoa Family,0.15151515151515152,0.0,3,0,2,0,0,0,3,0,1,1,0,0,0,0,0,0,0,3
Ohio Soccer Moms and Dads Scholarship,Soccer Moms and Dads LLC,0.015151515151515152,0.0,3,0,2,0,0,0,3,0,1,0,0,1,0,0,0,0,0,6
Advantech Intelligent Planet Scholarship,Advantech,0.30303030303030304,0.0,3,0,2,0,0,0,3,3,1,0,1,0,0,0,0,0,0,1
Donovan Ghimenti Legacy Scholarship,Ghimenti Family,0.15151515151515152,0.0,3,0,2,0,0,0,3,4,1,0,0,0,1,0,0,0,0,4
Short Squees Wall Street Scholarship,Bold,0.030303030303030304,0.0,3,0,2,0,0,0,3,0,0,0,0,0,0,0,0,0,1,5
Alan Perlow Scholarship,Perlow,0.024424242424242425,0.0,2,0,2,0,0,0,3,0,1,0,0,0,0,1,0,0,0,2
G.A. Johnston Memorial Scholarship,Johnston Family,0.030303030303030304,0.0,3,0,2,0,0,0,3,0,1,0,0,1,0,0,0,0,0,6
Cleadieais and Dianna Memorial Scholarship,Eric Alston,0.019696969696969695,0.0,3,0,2,0,0,0,3,0,1,0,1,0,0,0,0,0,0,1
Delories Thompson Scholarship,Marcus Thomas,0.030303030303030304,0.0,3,0,2,0,0,0,3,0,1,0,0,1,0,0,0,0,0,6
Stephen LeCornu Routh Memorial Scholarship,Anonymous,0.15151515151515152,0.0,3,0,2,0,0,0,3,0,1,0,0,0,0,1,0,0,0,2
Maverick Grill and Saloon Scholarship,Maverick Grill and Saloon,0.09090909090909091,0.0,3,0,2,0,0,0,3,1,1,0,0,0,0,1,0,0,0,2
Kiaan Patel Scholarship,Neel Patel,0.015151515151515152,0.0,3,0,2,0,0,0,3,0,1,0,1,0,0,0,0,0,0,1
Tom LoCasale Developing Character Through Golf Scholarship,LoCasale Family and Friend,0.06060606060606061,0.0,3,0,2,0,0,0,3,1,1,0,1,0,0,0,0,0,0,1
Aunty Geri Kuhia Tribute Scholarship,Sandwich Islands Network Inc,0.09090909090909091,0.0,3,0,2,0,0,0,3,2,1,0,0,0,0,1,0,0,0,2
Non-Obvious Insight Scholarship,Bold,0.030303030303030304,0.0,3,0,2,0,0,0,3,0,0,0,0,0,0,0,0,0,1,5
Big Picture Scholarship,Cynthia Ho,0.030303030303030304,0.0,3,0,2,0,0,0,3,0,1,1,0,0,0,0,0,0,0,3
Strength in Neurodiversity Scholarship,Alyssa Douglass,0.03333333333333333,0.0,3,0,2,0,0,0,3,0,1,0,1,0,0,0,0,0,0,1
Johnnie M. Parris Public Service Scholarship,Johnnie M. Parris Foundation,0.030303030303030304,2.5,3,1,2,0,0,0,3,0,1,1,0,0,0,0,0,0,0,3
Cheddar News Need2Know Scholarship,Bold,0.030303030303030304,0.0,3,0,2,0,0,0,3,0,0,0,0,0,0,0,0,0,1,5
Adrin Ohaekwe Memorial Scholarship,Naomi Davide,0.030303030303030304,0.0,3,0,0,0,0,0,3,0,1,0,0,1,0,0,0,0,0,6
North Star Dreamers Memorial Scholarship,Spring Piatek,0.15151515151515152,0.0,3,0,2,0,0,0,3,0,1,1,0,0,0,0,0,0,0,3
Jerome D. Carr Memorial Scholarship for Overcoming Adversity,Matthew Brick,0.015151515151515152,0.0,3,0,2,0,0,0,3,0,1,0,0,1,0,0,0,0,0,6
Ubuntu Scholarship,Melissa Sandoval,0.015151515151515152,3.0,3,1,2,0,0,0,3,0,1,0,1,0,0,0,0,0,0,1
Carolyn Hawkins Memorial Scholarship,Joye Ashby Sherri Leimer Jennifer Fields and Mary Martin,0.01818181818181818,0.0,3,0,2,0,0,0,3,0,1,0,1,0,0,0,0,0,0,1
Seherzada Scholarship,Ajdin Masic,0.03333333333333333,0.0,3,0,1,0,0,0,5,0,1,0,0,0,0,0,0,0,1,5
James Allen Crosby & William Edward Huff Scholarship,Misty Thomas,0.015151515151515152,0.0,3,0,2,0,0,0,3,0,1,0,1,0,0,0,0,0,0,1
Della Fleetwood-Sherrod Humanitarian Scholarship,Fleetwood-Sherrod Family,0.09242424242424242,0.0,3,0,2,0,0,0,3,1,1,0,1,0,0,0,0,0,0,1
Evan T. Wissing Choose a Better Life Scholarship,Katy Uhl,0.030303030303030304,0.0,3,0,2,0,0,0,3,0,1,0,0,0,0,1,0,0,0,2
James Michael Morris Family Scholarship,The Educational Foundation in Ophthalmic Optics Inc,0.6060606060606061,0.0,3,0,2,0,0,0,3,3,1,0,0,0,0,0,0,0,1,5
David Foster Memorial Scholarship,Foster,0.07575757575757576,0.0,3,0,2,0,0,0,3,0,1,0,1,0,0,0,0,0,0,1
Dr. Magidson Memorial Theater Scholarship,Magidson Family,0.15151515151515152,0.0,3,0,2,0,0,1,3,0,1,0,0,0,0,0,0,0,1,5
Francis E. Moore Prime Time Ministries Scholarship,Family of Francis E. Moore,0.030303030303030304,0.0,3,0,2,0,0,0,3,0,1,0,0,0,0,0,0,0,1,5
Aircraft Mechanics for Aircraft Mechanics Scholarship,Colton Parker,0.06060606060606061,0.0,3,0,2,1,0,0,3,1,1,0,0,0,0,0,0,0,1,5
Most Improved Student Scholarship,Fernando Garcia,0.015151515151515152,0.0,3,0,2,0,0,0,3,0,1,0,1,0,0,0,0,0,0,1
Patriots Path Scholarship,Navy Yacht Club Long Beach,0.15151515151515152,3.0,3,1,2,0,0,0,3,4,1,0,0,0,0,1,0,0,0,2
Beatrice Diaz Memorial Scholarship,Lisa Truppa,0.030303030303030304,0.0,3,0,2,0,0,0,3,1,1,0,0,0,0,1,0,0,0,2
Sylvester Taylor Invictus Hospitality Scholarship,Think Outside The World LLC,0.09090909090909091,0.0,3,0,2,0,0,0,3,2,1,0,0,0,0,0,0,0,1,5
Anti-Racism Daily Scholarship,Bold,0.030303030303030304,0.0,3,0,2,0,0,0,3,0,0,0,0,0,0,0,0,0,1,5
I Matter Scholarship,The O'Neal Family,0.06363636363636363,0.0,3,0,2,0,0,0,3,1,1,1,0,0,0,0,0,0,0,3
Jack Fluxare Hytner Memorial Scholarship,Steven Hullander,0.030303030303030304,0.0,3,0,2,0,0,0,3,0,1,0,0,0,0,1,0,0,0,2
Ray W Bausick Green Industry Memorial Scholarship,Kevin Koss,0.45454545454545453,2.7,3,1,2,0,0,0,3,2,1,0,0,0,0,1,0,0,0,2
Margaret E. Lucas Full-Blooded Wolfpack Memorial Scholarship,Anonymous,0.4090909090909091,0.0,3,0,2,0,0,0,3,1,1,0,0,1,0,0,0,0,0,6
Emma Jane Hastie Scholarship,Zenobia Hastie,0.030303030303030304,0.0,3,0,2,0,1,0,3,0,1,0,0,1,0,0,0,0,0,6
Tammy Needham Memorial Scholarship,Follum Hydrologic Solutions LLC,0.030303030303030304,0.0,3,0,2,0,0,0,3,0,1,0,0,0,0,1,0,0,0,2
Cazares Family Trade Scholarship,Cazares,0.045454545454545456,0.0,3,0,2,0,0,0,3,0,1,0,1,0,0,0,0,0,0,1
Coffee and Crypto Scholarship,Bold,0.030303030303030304,0.0,3,0,2,0,0,0,3,0,0,0,0,0,0,0,0,0,1,5
Joseph C. Lowe Memorial Scholarship,Lowe Family,0.07575757575757576,0.0,3,0,2,0,1,0,3,0,1,0,0,0,0,1,0,0,0,2
Coleman for Patriots Scholarship,Nolan Coleman,0.015151515151515152,3.0,3,1,2,0,1,0,3,0,1,0,0,0,0,0,0,0,1,5
Valiyah Young Scholarship,Valiyah Young,0.015151515151515152,3.0,3,1,2,0,0,0,3,0,1,0,0,0,0,1,0,0,0,2
Evan James Vaillancourt Memorial Scholarship,Vaillancourt,0.03636363636363636,3.0,3,1,2,0,1,0,3,0,1,0,1,0,0,0,0,0,0,1
Female Musician Scholarship,Anonymous Donor,0.6060606060606061,3.0,3,1,2,0,0,0,3,0,1,0,0,0,1,0,0,0,0,4
Textbooks and Tatami Martial Arts Scholarship,Ben Bullock,0.030303030303030304,3.0,3,1,2,0,0,0,3,0,1,0,0,0,1,0,0,0,0,4
Betsy V Brown Veterinary Scholarship,Viersen-Brown Family,0.22727272727272727,0.0,3,0,2,0,0,0,3,4,1,0,0,0,0,0,0,1,0,0
Mo Lottie Simons BELIEVE Scholarship,Wider,0.015151515151515152,3.0,3,1,2,0,0,0,3,0,1,0,0,0,0,1,0,0,0,2
Ward AEC Scholarship,Anonymous Donor,0.030303030303030304,0.0,3,0,2,0,0,0,3,0,1,0,0,0,0,1,0,0,0,2
Ginny Biada Memorial Scholarship,The Biada Family,0.045454545454545456,0.0,3,0,2,0,1,0,3,0,1,0,0,1,0,0,0,0,0,6
Philippe Forton Scholarship,The Forton and Hart Families,0.07575757575757576,0.0,3,0,2,0,0,0,3,0,1,0,1,0,0,0,0,0,0,1
Spencer Otteson Memorial Scholarship,Jerad Otteson,0.030303030303030304,0.0,3,0,2,0,0,0,3,0,1,0,0,0,0,1,0,0,0,2
Paige's Promise Scholarship,Paige's Promise,0.015151515151515152,0.0,3,0,2,0,0,0,3,0,1,0,0,0,1,0,0,0,0,4
Martha Mitchell Truth Scholarship,Martha Mitchell House and Foundation Inc,0.06212121212121212,0.0,3,0,2,0,1,0,3,0,1,0,0,0,0,0,1,0,0,7
GD Sandeford Memorial Scholarship,Sandeford Family,0.09090909090909091,2.75,3,1,2,0,1,1,3,2,1,0,0,1,0,0,0,0,0,6
Julia Elizabeth Legacy Scholarship,Cedric Scott Jr,0.03227272727272727,0.0,3,0,2,0,0,0,3,0,1,1,0,0,0,0,0,0,0,3
Richard Dunk Matthews II Scholarship,Richard Dunk Matthews II Welding Scholarship,0.045454545454545456,0.0,3,0,2,0,0,0,3,2,1,0,1,0,0,0,0,0,0,1
Mark Suren Melkonian Memorial Scholarship,Bryce Hovannisian,0.030303030303030304,0.0,3,0,2,0,0,0,3,0,1,0,1,0,0,0,0,0,0,1
JADED Recovery Scholarship,Damon and Julia Click,0.21212121212121213,0.0,3,0,2,0,0,0,3,1,1,0,0,0,1,0,0,0,0,4
Norma's Nursing Education Scholarship,Lee Lowicki,0.15151515151515152,0.0,3,0,2,0,0,0,3,0,1,0,0,0,0,0,1,0,0,7
28 Days of Black History Scholarship,Bold,0.030303030303030304,0.0,3,0,2,0,0,0,3,0,0,0,0,0,0,0,0,0,1,5
PSIVision Youths Pursuing Behavioral Studies Scholarship,Sarah Michel,0.015151515151515152,0.0,3,0,2,0,0,0,3,0,1,1,0,0,0,0,0,0,0,3
Marilyn J. Palmer Memorial,Palmer,0.015151515151515152,0.0,3,0,2,0,0,0,3,0,1,0,0,0,0,1,0,0,0,2
J.R. McMasters Memorial Scholarship,Breanna McMasters,0.06060606060606061,3.4,3,1,2,0,0,0,3,1,1,0,1,0,0,0,0,0,0,1
Pamela Branchini Memorial Scholarship,Dan Branchini Bruce Ewing Barbara Bell and the Glitter Team,0.06060606060606061,0.0,3,0,2,0,0,0,3,1,1,0,0,0,0,0,0,0,1,5
Jessie Koci Future Entrepreneurs Scholarship,Koci Family,0.030303030303030304,0.0,3,0,2,0,0,0,3,0,1,0,0,0,0,1,0,0,0,2
Russell Koci Skilled Trade Scholarship,Koci Family,0.03257575757575758,0.0,3,0,2,0,0,0,3,0,1,0,0,0,0,1,0,0,0,2
In My Mother's Name Scholarship,Intention Enterprises LLC,0.015151515151515152,0.0,3,0,2,0,0,0,3,0,1,0,0,0,0,0,1,0,0,7
Sean Flynn Memorial Scholarship,Sean Flynn Foundation,0.015151515151515152,0.0,3,0,2,0,0,0,3,0,1,1,0,0,0,0,0,0,0,3
Glenda W. Brennan Good Works Memorial Scholarship,Daniel Brennan,0.030303030303030304,0.0,3,0,2,0,0,0,3,1,1,0,0,0,1,0,0,0,0,4
Rev Herman A. Martin Memorial Scholarship,Chauncey Jones,0.030303030303030304,3.0,3,1,2,0,0,0,3,1,1,0,1,0,0,0,0,0,0,1
Kynnedy Simone I Am The Dream Scholarship,Kynnedy Smith,0.015151515151515152,2.5,3,1,2,0,1,0,3,0,1,0,1,0,0,0,0,0,0,1
Nicholas Hamlin Tennis Memorial Scholarship,Nicholas Hamlin,0.030303030303030304,0.0,3,0,2,0,0,0,3,1,1,1,0,0,0,0,0,0,0,3
Alcide Thomas Jr. Scholarship,Thomas Family,0.04,2.0,3,1,2,0,0,0,3,1,1,1,0,0,0,0,0,0,0,3
Law Family Single Parent Scholarship,Law,0.30303030303030304,0.0,3,0,2,0,0,0,6,1,1,0,0,0,0,0,0,0,1,5
PAC: Diversity Matters Scholarship,Physician Assistants of Color Inc,0.15151515151515152,0.0,3,0,2,0,0,0,3,4,1,0,0,0,0,0,1,0,0,7
iMatter Ministry Memorial Scholarship,Davis Realty LLC,0.06060606060606061,0.0,3,0,2,0,0,0,3,1,1,0,1,0,0,0,0,0,0,1
Ken Burnett Scholarship,Burnett,0.06060606060606061,0.0,3,0,2,0,0,0,3,0,1,0,0,0,0,1,0,0,0,2
Mark Caldwell Memorial STEM/STEAM Scholarship,Rick Caldwell,0.030303030303030304,3.0,3,1,2,0,0,1,3,0,1,1,0,0,0,0,0,0,0,3
Tim Gjoraas Science and Education Scholarship,Gjoraas,0.030303030303030304,0.0,3,0,2,0,0,0,3,0,1,0,0,0,1,0,0,0,0,4
Miguel Mendez Social Justice Scholarship,Nancy Roberts,0.015151515151515152,3.0,3,1,2,0,0,1,3,0,1,0,0,1,0,0,0,0,0,6
MedLuxe Reoresentation Matters Scholarship,MEDLUXE LLC,0.030303030303030304,0.0,3,0,2,0,0,0,3,1,1,0,0,0,1,0,0,0,0,4
Kerry Kennedy Life is Good Scholarship,Amy Wise,0.030303030303030304,0.0,3,0,1,0,0,0,3,0,1,0,0,0,1,0,0,0,0,4
Go Blue Crew Scholarship,Brian Thelen,0.015151515151515152,3.5,1,1,2,0,0,0,3,0,1,1,0,0,0,0,0,0,0,3
Stephen R. Boardman Memorial Scholarship,Anonymous Donor,0.07575757575757576,0.0,3,0,2,0,0,1,3,0,1,0,0,1,0,0,0,0,0,6
Promising Pathways - Hearing Impairment Scholarship,Seamone Family,0.06060606060606061,0.0,3,0,2,0,0,0,3,0,1,0,0,1,0,0,0,0,0,6
Promising Pathways - Single Parent Scholarship,Seamone Family,0.06060606060606061,0.0,3,0,2,0,0,0,6,0,1,0,0,1,0,0,0,0,0,6
Saswati Gupta Cancer Research Scholarship,Sreya Sanyal,0.06060606060606061,0.0,3,0,1,0,0,0,3,1,1,0,0,0,0,0,1,0,0,7
Patrick Stanley Memorial Scholarship,The Stanley Family,0.045454545454545456,0.0,3,0,2,0,0,0,3,1,1,0,0,0,0,0,1,0,0,7
523 Sean Felkins Scholarship,Boltz Foundation,0.15151515151515152,0.0,3,0,2,0,0,0,3,1,1,1,0,0,0,0,0,0,0,3
Gary G Goldstein Scholarship,Goldstein,0.06060606060606061,0.0,3,0,2,0,0,0,3,1,1,1,0,0,0,0,0,0,0,3
Jose Montanez Memorial Scholarship,The Berndt Family,0.030303030303030304,0.0,3,0,2,0,0,0,3,0,1,0,1,0,0,0,0,0,0,1
PJC Memorial Scholarship,Cavanaugh Family,0.019696969696969695,3.0,3,1,2,0,0,0,3,0,1,0,0,1,0,0,0,0,0,6
DeAmontay's Darkness Deliverance Scholarship,Calvin Oberlin,0.015151515151515152,0.0,3,0,2,0,0,0,3,0,1,0,0,0,0,1,0,0,0,2
CHS Scholarship,Chattahoochee High School Alumni,0.05454545454545454,0.0,3,0,2,0,0,0,3,1,1,1,0,0,0,0,0,0,0,3
Bros for Good Scholarship,Bros for good,0.015151515151515152,0.0,3,0,2,0,1,0,3,0,1,1,0,0,0,0,0,0,0,3
Verve Arts Scholarship,Verve Educational Consulting,0.03696969696969697,0.0,3,0,2,0,0,0,3,0,1,0,0,0,0,1,0,0,0,2
GrowingWithGabby National Scholarship Month TikTok Scholarship,Gabriella Carter,0.015151515151515152,0.0,3,0,2,0,0,0,3,0,0,0,0,0,0,0,0,0,1,5
Hispanic Climb to Success Scholarship,Tirado Family,0.06060606060606061,0.0,3,0,2,0,0,0,3,1,1,0,1,0,0,0,0,0,0,1
Skin Grip Diabetes Scholarship,Skin Grip,0.8363636363636363,0.0,3,0,2,0,0,0,3,8,1,0,0,0,0,0,0,0,1,5
Hearts on Sleeves Minds in College Scholarship,Payal Mehta,0.030303030303030304,3.0,3,1,2,0,0,0,3,1,1,0,0,0,0,1,0,0,0,2
Julia Baucom Children of Families with Parkinson's Disease Scholarship,Julia BAUCOM,0.15151515151515152,3.0,3,1,2,0,0,0,3,0,1,0,0,0,0,1,0,0,0,2
Larry Darnell Green Scholarship,Gloria Green,0.022727272727272728,0.0,3,0,2,0,0,0,2,0,1,0,0,0,0,1,0,0,0,2
Loxy Burckhard Love is Kind Memorial Scholarship,Webb Family,0.15151515151515152,0.0,3,0,2,0,0,0,3,4,1,0,1,0,0,0,0,0,0,1
Keri Sohlman Memorial Scholarship,Matthew Mingle,0.045454545454545456,0.0,3,0,2,0,0,0,3,1,1,0,1,0,0,0,0,0,0,1
Electronic Shark Scholarship,Shark Shark,0.015151515151515152,0.0,3,0,2,0,0,0,3,0,1,0,0,1,0,0,0,0,0,6
James Lynn Baker II BeACoffeeBean Scholarship,The Good Samaritan at the Baker Estate,0.30303030303030304,0.0,3,0,2,0,1,0,3,0,1,0,0,0,0,1,0,0,0,2
Scholar Dudes in Computer Science Scholarship,Golden Diploma LLC,0.030303030303030304,0.0,3,0,2,0,0,0,3,1,1,0,0,1,0,0,0,0,0,6
Captain Clay Layne Memorial COLE Scholarship,Ella & Mellissa Collins,0.030303030303030304,0.0,3,0,2,0,0,0,3,0,1,0,0,0,1,0,0,0,0,4
Chronic Boss Scholarship,Chronic Boss Collective,0.30303030303030304,0.0,3,0,1,0,0,0,3,6,1,0,0,0,0,0,0,0,1,5
Special Delivery of Dreams Scholarship,Rocky Mountain Philatelic Library,0.15151515151515152,0.0,3,0,2,0,0,0,3,1,1,0,0,1,0,0,0,0,0,6
Rick Levin Memorial Scholarship,The Friends and Family of Rick Levin,0.13636363636363635,0.0,3,0,2,0,0,0,3,0,1,0,1,0,0,0,0,0,0,1
Accounting for Change Scholarship,Brady Nikolas,0.06060606060606061,3.0,3,1,2,0,0,0,3,1,1,0,0,0,1,0,0,0,0,4
West Pullman Scholarship,Friends & Family,0.12121212121212122,0.0,3,0,2,0,0,0,3,0,1,0,0,0,0,0,0,0,1,5
Pro-Life Advocates Scholarship,Avila,0.015151515151515152,0.0,3,0,2,0,0,0,3,0,1,0,0,0,0,1,0,0,0,2
Bright Lights Scholarship,Bria Alexander,0.030303030303030304,0.0,3,0,2,1,0,1,3,1,1,0,0,0,1,0,0,0,0,4
American Dream Scholarship,Charleen Cabay,0.030303030303030304,0.0,3,0,2,0,1,0,3,0,1,0,0,0,0,0,0,0,1,5
Nasser Seconi Scholarship Fund,Darrick Seconi,0.09090909090909091,3.0,3,1,2,0,0,0,3,2,1,0,1,0,0,0,0,0,0,1
